IncidentID,UnitNumber,UnitType,AirbagSwitchCde,IsCommercialVeh,CrashAvoidCde,DriverIdentifiedCde,EventCollWithFirstCde,EventCollWithSecondCde,HasFire,PreCollActionCde,UnderOverrideCde,VehicleIsInsured,MakeCde,ModelCde,VehicleType,MakeDescription,ModelDescription,
33236305,1,HIT & RUN/UNKNOWN,,False,,UN,05,,,,,,,,,,,
33207403,1,HIT & RUN/UNKNOWN,03,False,,UN,05,,False,02,01,,,,,,,
33287817,1,HIT & RUN/UNKNOWN,03,False,,UN,05,,False,10,01,,,,,,,
33307522,1,HIT & RUN/UNKNOWN,,False,,UN,05,,False,03,01,,,,,,,
33119026,1,HIT & RUN/UNKNOWN,01,False,,UN,05,,False,05,01,,,,,,,
33174506,3,HIT & RUN/UNKNOWN,01,False,,UN,05,,False,13,01,,,,,,,
33109520,1,HIT & RUN/UNKNOWN,03,False,,UN,05,,False,05,01,,,,,,,
32888031,1,HIT & RUN/UNKNOWN,03,False,,UN,05,05,False,05,98,False,,,,,,
32894126,2,HIT & RUN/UNKNOWN,03,False,,UN,05,,False,05,01,,,,,,,
32810423,1,HIT & RUN/UNKNOWN,03,False,,UN,05,,False,05,01,,,,,,,
32659228,1,HIT & RUN/UNKNOWN,03,False,,UN,05,,False,05,01,,,,,,,
32787804,1,HIT & RUN/UNKNOWN,,False,,UN,46,,False,05,98,False,,,,,,
33049227,1,HIT & RUN/UNKNOWN,03,False,,UN,05,,False,10,01,,,,,,,
32947384,1,HIT & RUN/UNKNOWN,03,True,,UN,05,,False,98,01,,,,,,,
33412232,3,HIT & RUN/UNKNOWN,,False,,UN,05,,,98,,,,,,,,
33400800,3,LT TRUCK(VAN/SPORTS UTILITY/PICKUP),03,False,,DI,05,,False,13,01,True,MAZD,CX5,,MAZDA,CX-5,
33400800,1,LT TRUCK(VAN/SPORTS UTILITY/PICKUP),03,False,,DI,05,,False,05,01,True,ACUR,MDX,,ACURA,MDX,
33431421,1,LT TRUCK(VAN/SPORTS UTILITY/PICKUP),02,False,,DI,05,,False,16,01,True,RAM,250,,RAM,2500,
33313061,1,LT TRUCK(VAN/SPORTS UTILITY/PICKUP),02,False,,DI,05,,False,05,01,True,CHEV,SLV,,CHEVROLET,SILVERADO,
33336579,1,LT TRUCK(VAN/SPORTS UTILITY/PICKUP),01,False,,DI,05,,False,05,01,True,JEP,CJ5,,JEEP,CJ5,
33341355,1,LT TRUCK(VAN/SPORTS UTILITY/PICKUP),03,False,,UN,05,,False,05,01,,,,,,,
33372158,1,LT TRUCK(VAN/SPORTS UTILITY/PICKUP),03,False,,DI,05,,False,05,01,True,GMC,CRU,,GENERAL MOTORS CORP,SIERRA CREW CAB,
33380030,2,LT TRUCK(VAN/SPORTS UTILITY/PICKUP),01,False,,DI,05,,False,07,01,True,CADI,XT5,,CADILLAC,XT5,
33378546,2,LT TRUCK(VAN/SPORTS UTILITY/PICKUP),03,False,,DI,05,,False,07,01,True,GMC,Y44,,GENERAL MOTORS CORP,YUKON 4X4,
33034069,1,LT TRUCK(VAN/SPORTS UTILITY/PICKUP),01,False,,DI,05,,False,05,01,True,CHEV,B42,,CHEVROLET,BLAZER 4D 4X2,
32795317,1,LT TRUCK(VAN/SPORTS UTILITY/PICKUP),01,False,,DI,05,,False,18,01,True,HYUN,TCN,,HYUNDAI,TUCSON,
32709983,2,LT TRUCK(VAN/SPORTS UTILITY/PICKUP),01,False,,DI,05,,False,05,01,True,TOYP,,,TOYOPET,SIENNA,
32819262,1,LT TRUCK(VAN/SPORTS UTILITY/PICKUP),,False,,UN,05,,False,10,01,,,,,,,
32844492,2,LT TRUCK(VAN/SPORTS UTILITY/PICKUP),03,False,,DI,05,,False,16,01,True,TOYT,SNA,,TOYOTA,SIENNA,
32852416,2,LT TRUCK(VAN/SPORTS UTILITY/PICKUP),,False,,UN,05,,False,05,,,,,,,,
33122141,2,LT TRUCK(VAN/SPORTS UTILITY/PICKUP),01,False,,DI,05,,False,05,01,True,HOND,,,HONDA,CR-V,
33292054,2,LT TRUCK(VAN/SPORTS UTILITY/PICKUP),03,False,,DI,05,,False,13,01,True,FORD,F15,,FORD,F150 SERIES,
33232484,2,LT TRUCK(VAN/SPORTS UTILITY/PICKUP),01,False,,DI,05,,False,13,01,True,KIA,TEL,,KIA MOTORS CORPORATION,TELLURIDE,
33009378,1,PASSENGER CAR,03,False,,UN,05,,False,05,01,,,,,,,
33314909,3,PASSENGER CAR,02,False,,DI,05,,False,13,01,True,MAZD,MZ3,,MAZDA,MAZDA 3,
33431439,2,PASSENGER CAR,03,False,,DI,05,,False,05,01,True,FORD,ECP,,FORD,ESCAPE,
33408672,1,PASSENGER CAR,03,False,,DI,47,,False,05,01,True,TESL,T3,,TESLA MOTORS,MODEL 3,
32999195,1,PASSENGER CAR & TRAILER,03,False,,UN,05,,False,03,01,False,,,,,,
32795317,2,TRUCK-SINGLE UNIT,01,True,,DI,05,,False,12,01,True,FRHT,CAS,,FREIGHTLINER,CASCADIA,
32948416,1,TRUCK-SINGLE UNIT,03,True,,UN,05,,False,05,01,,,,,,,
33372158,2,TRUCK-SINGLE UNIT,03,True,,DI,05,,False,05,01,True,FORD,F65,,FORD,F650,
33371183,1,TRUCK TRACTOR & SEMI-TRAILER,,True,,UN,,,,,,,,,,,,
33431421,2,TRUCK TRACTOR & SEMI-TRAILER,03,True,,DI,05,,False,05,01,True,FRHT,TK,,FREIGHTLINER,TRUCK,
33000396,1,TRUCK TRACTOR & SEMI-TRAILER,,True,,UN,05,,False,05,01,,,,,,,
32778070,1,TRUCK TRACTOR & SEMI-TRAILER,,True,,UN,05,,False,10,01,,,,,,,
32672935,1,TRUCK TRACTOR & SEMI-TRAILER,,True,,UN,05,,False,06,01,,,,,,,
32686843,1,TRUCK TRACTOR & SEMI-TRAILER,03,True,,UN,05,,,10,01,,,,,,,
33307522,2,TRUCK TRACTOR & SEMI-TRAILER,03,True,,DI,05,,False,05,01,True,FRHT,COR,,FREIGHTLINER,CORONADO 132 CNV.,
33221168,2,TRUCK TRACTOR & SEMI-TRAILER,03,True,,DI,05,,False,13,01,True,FRHT,TK,,FREIGHTLINER,TRUCK,
33338372,2,OTHER,03,False,,DL,05,,False,97,01,,,,,,,
32971254,1,OTHER,02,False,,DI,05,,False,05,03,,,,,,,
32921513,1,OTHER,,False,,DI,05,,False,02,01,,,,,,,
33236325,2,OTHER,03,False,,DI,05,,False,97,01,,,,,,,
33300248,1,OTHER,03,False,,DI,05,,False,05,01,,,,,,,
33403796,1,TRUCK TRACTOR & SEMI-TRAILER,01,False,,DI,30,,False,05,01,True,FRHT,,2 DOOR,FREIGHTLINER,,
32985854,3,TRUCK TRACTOR & SEMI-TRAILER,01,False,,DI,05,,False,05,01,True,PTRB,,2 DOOR,PETERBILT MOTORS CO.,PTRB,
33324815,1,PASSENGER CAR,03,False,,DI,46,,False,05,01,True,CHEV,CVT,2 DOOR,CHEVROLET,CORVETTE,
32979457,1,PASSENGER CAR,01,False,,DI,05,,False,02,01,True,SMRT,FTW,2 DOOR,SMART VEHICLES,FORTWO,
32852002,2,PASSENGER CAR,03,False,,DI,05,,False,13,01,True,HOND,ACC,2 DOOR,HONDA,ACCORD,
32716413,2,PASSENGER CAR,03,False,,DI,49,,False,05,01,True,HOND,CIV,2 DOOR,HONDA,CIVIC,
33093968,2,PASSENGER CAR,03,False,,DI,05,34,True,05,01,True,VOLK,BUG,2 DOOR,VOLKSWAGEN,BEETLE (SUPER BEETLE OR BUG),
33079465,1,PASSENGER CAR,03,False,,DI,05,,False,08,01,True,HOND,ACC,2 DOOR,HONDA,ACCORD,
33219668,1,PASSENGER CAR,01,False,,DI,05,,False,05,01,True,FORD,MUS,2 DOOR,FORD,MUSTANG,
33312486,1,PASSENGER CAR,01,False,04,DI,05,52,False,05,01,True,HOND,CIV,2 DOOR,HONDA,CIVIC,
32903647,1,PASSENGER CAR,01,False,,DI,47,,False,05,01,True,TOYT,TER,2 DOOR,TOYOTA,TERCEL,
33095200,1,PASSENGER CAR,03,False,,DI,05,,False,05,01,True,ACUR,INT,HATCHBACK 2 DOOR,ACURA,INTEGRA,
33000396,2,PASSENGER CAR,03,False,,DI,46,05,False,10,01,True,TOYT,YAR,HATCHBACK 3 DOOR,TOYOTA,YARIS,
33004289,1,PASSENGER CAR,03,False,,DI,05,,False,13,01,True,HYUN,SON,4 DOOR,HYUNDAI,SONATA,
32733997,2,PASSENGER CAR,01,False,,DI,05,,False,05,01,True,CHEV,MAL,4 DOOR,CHEVROLET,MALIBU,
33005726,1,PASSENGER CAR,01,False,,DI,05,,False,05,01,True,CHEV,MAL,4 DOOR,CHEVROLET,MALIBU,
33009378,2,PASSENGER CAR,03,False,,DI,05,,False,05,01,True,HYUN,SON,4 DOOR,HYUNDAI,SONATA,
33024535,1,PASSENGER CAR,01,False,,DI,05,,False,10,01,True,NISS,VRS,4 DOOR,NISSAN,VERSA,
33015002,2,PASSENGER CAR,03,False,,DI,05,,False,05,01,True,TOYT,CAM,4 DOOR,TOYOTA,CAMRY,
33016788,1,PASSENGER CAR,03,False,,DI,05,52,False,13,01,True,FORD,FOC,4 DOOR,FORD,FOCUS/FOCUS RS,
32988649,1,PASSENGER CAR,03,False,,DI,52,16,False,98,01,True,MERZ,C30,4 DOOR,MERCEDES-BENZ,C300,
32993328,2,PASSENGER CAR,01,False,,DI,05,,False,03,01,True,NISS,ALT,4 DOOR,NISSAN,ALTIMA,
33032568,1,PASSENGER CAR,03,False,,DI,05,,False,03,01,True,NISS,SEN,4 DOOR,NISSAN,SENTRA,
33028817,1,PASSENGER CAR,03,False,,DI,05,,False,05,01,True,TOYT,CAM,4 DOOR,TOYOTA,CAMRY,
33028817,2,PASSENGER CAR,03,False,,DI,05,,False,05,01,True,TOYT,CAM,4 DOOR,TOYOTA,CAMRY,
33034069,2,PASSENGER CAR,01,False,,DI,05,,False,05,01,True,MAZD,M6,4 DOOR,MAZDA,MAZDA 6,
33035871,1,PASSENGER CAR,01,False,,DI,05,,False,13,01,True,CHEV,,4 DOOR,CHEVROLET,,
33040558,1,PASSENGER CAR,01,False,,DI,41,,False,05,01,True,OLDS,CUT,4 DOOR,OLDSMOBILE,CUTLASS/SUPREME/CIERA,
33044210,1,PASSENGER CAR,03,False,,DI,05,,False,05,01,True,BUIC,LCR,4 DOOR,BUICK,LACROSSE,
33044210,2,PASSENGER CAR,03,False,,DI,05,,False,13,01,True,HOND,CIV,4 DOOR,HONDA,CIVIC,
33035874,1,PASSENGER CAR,03,False,,DI,05,,False,10,01,True,SUBA,IMP,4 DOOR,SUBARU,IMPREZA,
33035874,2,PASSENGER CAR,03,False,,DI,05,,False,10,01,True,DODG,CHA,4 DOOR,DODGE,CHARGER,
33039605,1,PASSENGER CAR,01,False,,DI,41,05,False,05,01,True,PONT,GRA,4 DOOR,PONTIAC,GRAND PRIX,
33050770,1,PASSENGER CAR,03,False,,DI,05,,False,10,01,False,TOYT,COA,4 DOOR,TOYOTA,COROLLA,
32985847,2,PASSENGER CAR,02,False,,DI,05,,False,16,01,True,FORD,FUS,4 DOOR,FORD,FUSION,
32985854,1,PASSENGER CAR,01,False,,DI,05,,False,05,01,True,BMW,750,4 DOOR,BMW,750/750I/750LI/750XI/750LXI,
32985854,2,PASSENGER CAR,01,False,,DI,05,,False,05,01,True,TOYT,CAM,4 DOOR,TOYOTA,CAMRY,
32983242,2,PASSENGER CAR,01,False,,DI,05,,False,05,01,True,LEXS,ES2,4 DOOR,LEXUS,ES250,
32923488,1,PASSENGER CAR,03,False,,DI,05,05,False,05,01,True,LEXS,E35,4 DOOR,LEXUS,ES350,
32717185,1,PASSENGER CAR,01,False,,DI,52,41,False,01,01,True,FORD,FUS,4 DOOR,FORD,FUSION,
32880874,4,PASSENGER CAR,03,False,,DI,05,,False,05,01,True,VOLK,JET,4 DOOR,VOLKSWAGEN,JETTA,
32863012,2,PASSENGER CAR,03,False,,DI,05,,False,13,01,True,TOYT,COA,4 DOOR,TOYOTA,COROLLA,
32852416,1,PASSENGER CAR,01,False,,DI,05,,False,05,06,True,LEXS,300,4 DOOR,LEXUS,ES300,
32806149,2,PASSENGER CAR,03,False,,DI,05,,False,13,01,True,HOND,ACC,4 DOOR,HONDA,ACCORD,
32797962,1,PASSENGER CAR,01,False,,DI,05,41,False,07,01,True,NISS,SEN,4 DOOR,NISSAN,SENTRA,
32797962,2,PASSENGER CAR,01,False,,DI,05,,False,05,01,True,FORD,FOC,4 DOOR,FORD,FOCUS/FOCUS RS,
32832491,1,PASSENGER CAR,01,False,,DI,41,51,False,11,01,True,KIA,OPT,4 DOOR,KIA MOTORS CORPORATION,OPTIMA,
32840628,1,PASSENGER CAR,03,False,,DI,16,,False,05,01,True,NISS,SEN,4 DOOR,NISSAN,SENTRA,
32826965,1,PASSENGER CAR,03,False,,UN,52,30,False,98,01,False,HYUN,SON,4 DOOR,HYUNDAI,SONATA,
32686833,1,PASSENGER CAR,01,False,,DI,16,,False,05,01,True,NISS,VRS,4 DOOR,NISSAN,VERSA,
32709294,1,PASSENGER CAR,01,False,,DI,05,,False,16,01,True,CHEV,MAL,4 DOOR,CHEVROLET,MALIBU,
32709294,2,PASSENGER CAR,02,False,,DI,05,,False,16,01,True,TOYT,CAM,4 DOOR,TOYOTA,CAMRY,
32682385,1,PASSENGER CAR,02,False,,DI,05,,False,10,01,True,HOND,ACC,4 DOOR,HONDA,ACCORD,
32659228,2,PASSENGER CAR,01,False,,DI,05,,False,05,01,True,NISS,SEN,4 DOOR,NISSAN,SENTRA,
32774475,5,PASSENGER CAR,01,False,,DI,05,05,False,13,01,True,TESL,T3,4 DOOR,TESLA MOTORS,MODEL 3,
32774475,6,PASSENGER CAR,01,False,,DI,05,05,False,13,01,True,MNNI,CTY,4 DOOR,MINI (PC),CTRYMN/S CTRYMN/S CTRYMN ALL4,
32768291,1,PASSENGER CAR,01,False,,DI,05,,False,05,01,True,DODG,CHA,4 DOOR,DODGE,CHARGER,
32768291,2,PASSENGER CAR,01,False,,DI,05,,False,13,01,True,TOYT,CAM,4 DOOR,TOYOTA,CAMRY,
32768176,1,PASSENGER CAR,01,False,,DI,05,,False,03,01,True,MAZD,MZ3,4 DOOR,MAZDA,MAZDA 3,
32778070,2,PASSENGER CAR,02,False,,DI,05,,False,05,01,True,NISS,ALT,4 DOOR,NISSAN,ALTIMA,
32731794,1,PASSENGER CAR,03,False,,DI,05,,False,03,01,True,HYUN,ELN,4 DOOR,HYUNDAI,ELANTRA,
32731794,2,PASSENGER CAR,03,False,,DI,05,,False,05,01,True,INFI,Q50,4 DOOR,INFINITI,Q50,
32756505,1,PASSENGER CAR,03,False,,DI,05,,False,01,01,True,TOYT,COA,4 DOOR,TOYOTA,COROLLA,
32779720,2,PASSENGER CAR,03,False,,DI,05,,False,05,01,True,HOND,ACC,4 DOOR,HONDA,ACCORD,
32788664,1,PASSENGER CAR,01,False,,DI,46,,False,05,01,True,KIA,,4 DOOR,KIA MOTORS CORPORATION,R,
32788674,1,PASSENGER CAR,01,False,,DI,05,,False,03,01,True,LEXS,400,4 DOOR,LEXUS,LS400,
33095200,2,PASSENGER CAR,03,False,,DI,05,,False,13,01,True,MITS,LAN,4 DOOR,MITSUBISHI,LANCER,
33092743,1,PASSENGER CAR,03,False,,DI,05,,False,05,01,True,HYUN,ELN,4 DOOR,HYUNDAI,ELANTRA,
33082958,2,PASSENGER CAR,03,False,,DI,05,,False,13,01,True,MERZ,E30,4 DOOR,MERCEDES-BENZ,E300 E300 4MATIC,
33088235,1,PASSENGER CAR,01,False,,DI,47,,False,05,01,True,CHEV,CRZ,4 DOOR,CHEVROLET,CRUZE,
33104830,1,PASSENGER CAR,03,False,,DI,05,,False,03,01,True,FORD,TAU,4 DOOR,FORD,TAURUS,
33070342,2,PASSENGER CAR,03,False,,DI,05,,False,13,01,True,KIA,OPT,4 DOOR,KIA MOTORS CORPORATION,OPTIMA,
33116607,1,PASSENGER CAR,03,False,,DI,05,,False,15,01,True,FORD,FOC,4 DOOR,FORD,FOCUS/FOCUS RS,
33232187,1,PASSENGER CAR,03,False,,DI,05,,False,10,01,True,HYUN,ELN,4 DOOR,HYUNDAI,ELANTRA,
33221168,1,PASSENGER CAR,03,False,,DI,05,,False,05,01,True,HOND,ACC,4 DOOR,HONDA,ACCORD,
33221697,1,PASSENGER CAR,01,False,,DI,05,,False,05,01,True,TOYT,CAM,4 DOOR,TOYOTA,CAMRY,
33222914,1,PASSENGER CAR,01,False,,DI,05,,False,05,01,True,TOYT,COA,4 DOOR,TOYOTA,COROLLA,
33181983,2,PASSENGER CAR,02,False,,DI,05,,False,13,01,True,NISS,ALT,4 DOOR,NISSAN,ALTIMA,
33202704,1,PASSENGER CAR,01,False,,DI,26,53,False,10,01,True,TOYT,CAM,4 DOOR,TOYOTA,CAMRY,
33203153,1,PASSENGER CAR,03,False,,DI,05,,False,10,01,True,CHEV,IMP,4 DOOR,CHEVROLET,IMPALA,
33207403,2,PASSENGER CAR,03,False,,DL,05,,False,12,01,True,HOND,ACC,4 DOOR,HONDA,ACCORD,
33216188,2,PASSENGER CAR,02,False,,DI,05,,False,05,01,True,DODG,CHA,4 DOOR,DODGE,CHARGER,
32903647,2,PASSENGER CAR,01,False,,DI,40,,False,01,01,True,TOYT,,4 DOOR,TOYOTA,CA,
32857520,2,PASSENGER CAR,03,False,,DI,05,,False,05,01,True,NISS,MAX,4 DOOR,NISSAN,MAXIMA,
32872987,2,PASSENGER CAR,03,False,,DI,32,,False,13,01,True,PONT,G6,4 DOOR,PONTIAC,G6,
32888031,4,PASSENGER CAR,03,False,,DI,05,,False,13,01,True,HOND,ACC,4 DOOR,HONDA,ACCORD,
32889605,2,PASSENGER CAR,03,False,,DI,05,,False,07,01,True,BUIC,REG,4 DOOR,BUICK,REGAL,
33292045,1,PASSENGER CAR,03,False,,DI,05,,False,05,01,True,TOYT,CAM,4 DOOR,TOYOTA,CAMRY,
33300248,2,PASSENGER CAR,03,False,,DL,05,,False,12,01,True,HYUN,SON,4 DOOR,HYUNDAI,SONATA,
33301937,1,PASSENGER CAR,03,False,,DI,32,,False,05,01,False,HYUN,SON,4 DOOR,HYUNDAI,SONATA,
33302132,1,PASSENGER CAR,01,False,,DI,05,,False,05,01,True,CHEV,CRZ,4 DOOR,CHEVROLET,CRUZE,
33302132,2,PASSENGER CAR,01,False,,DI,05,,False,16,01,True,LINC,MKZ,4 DOOR,LINCOLN,MKZ,
32870255,2,PASSENGER CAR,03,False,,DI,05,,False,13,01,True,ACUR,TSX,4 DOOR,ACURA,TSX,
32872676,1,PASSENGER CAR,03,False,,DI,06,,False,05,01,True,CHEV,CRZ,4 DOOR,CHEVROLET,CRUZE,
33220901,1,PASSENGER CAR,01,False,,DI,05,,False,05,01,True,HOND,ACC,4 DOOR,HONDA,ACCORD,
33253684,2,PASSENGER CAR,01,False,,DI,05,,False,07,01,True,BUIC,LUC,4 DOOR,BUICK,LUCERNE,
33276561,1,PASSENGER CAR,03,False,,DI,05,,False,05,98,True,ACUR,ATL,4 DOOR,ACURA,TL,
33274612,2,PASSENGER CAR,03,False,,DI,05,,False,13,01,True,KIA,FRT,4 DOOR,KIA MOTORS CORPORATION,FORTE,
33273284,1,PASSENGER CAR,01,False,,DI,05,,False,10,01,True,TOYT,CAM,4 DOOR,TOYOTA,CAMRY,
33255469,1,PASSENGER CAR,01,False,,DI,05,,False,05,01,True,NISS,ALT,4 DOOR,NISSAN,ALTIMA,
33255469,2,PASSENGER CAR,01,False,,DI,05,,False,13,01,True,MERZ,C23,4 DOOR,MERCEDES-BENZ,C230,
33261651,1,PASSENGER CAR,03,False,,DI,05,,False,98,01,True,CHRY,200,4 DOOR,CHRYSLER,200 SERIES,
33292054,3,PASSENGER CAR,03,False,,DI,05,,False,05,01,True,NISS,ALT,4 DOOR,NISSAN,ALTIMA,
33226547,2,PASSENGER CAR,03,False,,DI,05,,False,13,01,True,BMW,528,4 DOOR,BMW,528 SERIES,
33236305,2,PASSENGER CAR,01,False,,DI,05,,False,10,01,True,TOYT,CAM,4 DOOR,TOYOTA,CAMRY,
33287817,2,PASSENGER CAR,03,False,,DI,05,,False,05,01,True,HOND,ACC,4 DOOR,HONDA,ACCORD,
33312764,1,PASSENGER CAR,03,False,,DI,51,16,False,05,01,False,CHEV,MAL,4 DOOR,CHEVROLET,MALIBU,
33307880,1,PASSENGER CAR,03,False,,DI,05,,False,05,01,True,CHEV,MAL,4 DOOR,CHEVROLET,MALIBU,
33251432,2,LT TRUCK(VAN/SPORTS UTILITY/PICKUP),01,False,,DI,05,,False,05,01,True,KIA,,4 DOOR,KIA MOTORS CORPORATION,SPORT,
33251442,2,LT TRUCK(VAN/SPORTS UTILITY/PICKUP),03,False,,DI,05,,False,13,01,True,CADI,XT6,4 DOOR,CADILLAC,XT6,
33191749,2,LT TRUCK(VAN/SPORTS UTILITY/PICKUP),01,False,,DI,05,,False,05,01,True,FORD,LM2,4 DOOR,FORD,ESCAPE LIMITED 4X2,
33211218,1,LT TRUCK(VAN/SPORTS UTILITY/PICKUP),03,False,,DI,05,,False,06,01,True,CHEV,C25,4 DOOR,CHEVROLET,C/K 2500 (3/4 TON),
33131156,2,PASSENGER CAR,03,False,,DI,05,05,False,13,01,True,HYUN,SON,4 DOOR,HYUNDAI,SONATA,
33131156,3,PASSENGER CAR,03,False,,DI,05,,False,13,01,True,CHEV,CRZ,4 DOOR,CHEVROLET,CRUZE,
33122335,1,PASSENGER CAR,01,False,,DI,05,,False,05,01,True,NISS,ALT,4 DOOR,NISSAN,ALTIMA,
33122335,2,PASSENGER CAR,01,False,,DI,05,,False,05,01,True,HOND,ACC,4 DOOR,HONDA,ACCORD,
33122922,1,PASSENGER CAR,03,False,,DI,05,,False,05,01,True,NISS,SEN,4 DOOR,NISSAN,SENTRA,
33128371,3,PASSENGER CAR,02,False,,DI,05,,False,13,01,True,KIA,OPT,4 DOOR,KIA MOTORS CORPORATION,OPTIMA,
33122141,1,PASSENGER CAR,01,False,,DI,05,,False,10,01,True,NISS,ALT,4 DOOR,NISSAN,ALTIMA,
33152694,2,PASSENGER CAR,03,False,,DI,05,,False,05,01,True,CHEV,MAL,4 DOOR,CHEVROLET,MALIBU,
33154418,1,PASSENGER CAR,01,False,,DI,05,,False,05,01,False,HOND,ACC,4 DOOR,HONDA,ACCORD,
33154418,2,PASSENGER CAR,01,False,,DI,05,,False,05,01,True,BUIC,LES,4 DOOR,BUICK,LESABRE,
33132711,2,PASSENGER CAR,03,False,,DI,05,,False,13,01,True,NISS,MAX,4 DOOR,NISSAN,MAXIMA,
33184376,2,PASSENGER CAR,01,False,,DI,05,,False,05,01,True,KIA,OPT,4 DOOR,KIA MOTORS CORPORATION,OPTIMA,
33187324,2,PASSENGER CAR,01,False,,DI,05,,False,13,01,True,TESL,TX,4 DOOR,TESLA MOTORS,MODEL X,
33170487,1,PASSENGER CAR,01,False,,DI,51,54,False,06,01,True,MITS,GAL,4 DOOR,MITSUBISHI,GALANT,
33170487,2,PASSENGER CAR,01,False,,DI,05,,False,05,01,True,CHEV,MAL,4 DOOR,CHEVROLET,MALIBU,
33064809,2,PASSENGER CAR,01,False,,DI,05,,False,05,01,True,CHEV,CRZ,4 DOOR,CHEVROLET,CRUZE,
33059719,1,PASSENGER CAR,01,False,,DI,05,,False,05,01,True,HYUN,SON,4 DOOR,HYUNDAI,SONATA,
33061429,1,PASSENGER CAR,01,False,,DI,05,,False,05,01,True,DODG,CHA,4 DOOR,DODGE,CHARGER,
33056442,4,PASSENGER CAR,03,False,,DI,05,,False,13,01,True,CHEV,MAL,4 DOOR,CHEVROLET,MALIBU,
33053757,1,PASSENGER CAR,01,False,,DI,47,,False,05,01,True,TOYT,COA,4 DOOR,TOYOTA,COROLLA,
33056442,1,PASSENGER CAR,03,False,,DI,05,,False,05,01,True,FORD,FOC,4 DOOR,FORD,FOCUS/FOCUS RS,
33056442,2,PASSENGER CAR,03,False,,DI,05,41,False,05,01,True,CHEV,SPK,4 DOOR,CHEVROLET,SPARK,
33071998,2,PASSENGER CAR,02,False,,DI,05,,False,05,01,True,MERZ,C30,4 DOOR,MERCEDES-BENZ,C300,
33077658,1,PASSENGER CAR,03,False,,DI,05,,False,05,01,True,BUIC,VER,4 DOOR,BUICK,VERANO,
33077658,2,PASSENGER CAR,03,False,,DI,05,05,False,13,01,True,KIA,OPT,4 DOOR,KIA MOTORS CORPORATION,OPTIMA,
33082023,1,PASSENGER CAR,01,False,,DI,51,,False,05,01,False,LEXS,L43,4 DOOR,LEXUS,LS430,
33065755,2,PASSENGER CAR,01,False,,DI,05,,False,13,01,True,FORD,FOC,4 DOOR,FORD,FOCUS/FOCUS RS,
33087003,1,PASSENGER CAR,03,False,,DI,05,,False,05,06,True,PONT,VIB,4 DOOR,PONTIAC,VIBE (SPORT WAGON),
33252437,1,LT TRUCK(VAN/SPORTS UTILITY/PICKUP),01,False,,DI,05,,False,03,01,True,SUBA,SUB,4 DOOR,SUBARU,SUBARU,
33288398,3,LT TRUCK(VAN/SPORTS UTILITY/PICKUP),01,False,,DI,05,,False,05,01,True,FORD,ECP,4 DOOR,FORD,ESCAPE,
33158706,2,LT TRUCK(VAN/SPORTS UTILITY/PICKUP),01,False,,DI,05,,False,13,01,True,VOLK,TGN,4 DOOR,VOLKSWAGEN,TIGUAN,
33096887,1,LT TRUCK(VAN/SPORTS UTILITY/PICKUP),01,False,,DI,47,,False,05,01,True,FORD,F25,4 DOOR,FORD,F250 SERIES,
33064809,1,LT TRUCK(VAN/SPORTS UTILITY/PICKUP),01,False,,DI,05,,False,05,01,True,GMC,SRA,4 DOOR,GENERAL MOTORS CORP,SIERRA,
32788638,1,LT TRUCK(VAN/SPORTS UTILITY/PICKUP),03,False,,DI,41,,False,05,01,True,CHEV,C15,4 DOOR,CHEVROLET,C/K 1500 (1/2 TON),
32774475,3,LT TRUCK(VAN/SPORTS UTILITY/PICKUP),01,False,,DI,05,,False,13,01,True,FORD,,4 DOOR,FORD,,
33035871,2,LT TRUCK(VAN/SPORTS UTILITY/PICKUP),01,False,,DI,05,,False,13,01,True,CHEV,TH4,4 DOOR,CHEVROLET,TAHOE 4X4,
32999195,2,LT TRUCK(VAN/SPORTS UTILITY/PICKUP),01,False,,DI,05,,False,05,01,True,TOYT,TAC,4 DOOR,TOYOTA,TACOMA,
32923488,3,LT TRUCK(VAN/SPORTS UTILITY/PICKUP),03,False,,DI,05,05,False,16,01,True,BMW,28I,4 DOOR,BMW,328I,
33368190,2,LT TRUCK(VAN/SPORTS UTILITY/PICKUP),03,False,,DI,05,,False,05,01,True,LEXS,GX4,4 DOOR,LEXUS,GX460,
33362644,2,LT TRUCK(VAN/SPORTS UTILITY/PICKUP),01,False,,DI,05,,False,05,01,True,HOND,CRV,4 DOOR,HONDA,CR-V,
33313999,3,LT TRUCK(VAN/SPORTS UTILITY/PICKUP),01,False,,DI,05,,False,05,01,True,VOLK,GOL,4 DOOR,VOLKSWAGEN,GOLF SERIES,
33412262,1,LT TRUCK(VAN/SPORTS UTILITY/PICKUP),,False,,UN,05,,False,05,01,,TOYT,CAM,4 DOOR,,,
32894126,1,HIT & RUN/UNKNOWN,01,False,,DI,05,,False,05,01,True,BUIC,VER,4 DOOR,BUICK,VERANO,
33323212,2,PASSENGER CAR,01,False,,DI,05,,False,13,01,True,TOYT,COA,4 DOOR,TOYOTA,COROLLA,
33317652,2,PASSENGER CAR,03,False,,DI,05,,False,13,01,True,FORD,FUS,4 DOOR,FORD,FUSION,
33313999,2,PASSENGER CAR,01,False,,DI,05,,False,05,01,True,FORD,FUS,4 DOOR,FORD,FUSION,
33313061,2,PASSENGER CAR,02,False,,DI,05,,False,01,01,True,HYUN,ACC,4 DOOR,HYUNDAI,ACCENT,
33314130,1,PASSENGER CAR,01,False,,DI,05,53,False,05,98,True,FORD,FUS,4 DOOR,FORD,FUSION,
33314130,2,PASSENGER CAR,01,False,,DI,05,,False,01,98,True,TOYT,CAM,4 DOOR,TOYOTA,CAMRY,
32923488,5,PASSENGER CAR,03,False,,DI,05,,False,13,01,True,CHEV,MAL,4 DOOR,CHEVROLET,MALIBU,
32921513,2,PASSENGER CAR,02,False,,DL,05,,False,12,01,True,HYUN,ELN,4 DOOR,HYUNDAI,ELANTRA,
32915773,1,PASSENGER CAR,03,False,,DI,05,41,False,05,01,True,NISS,ALT,4 DOOR,NISSAN,ALTIMA,
33362002,1,PASSENGER CAR,03,False,,DI,05,,False,05,01,True,ACUR,TLX,4 DOOR,ACURA,TLX,
33331215,4,PASSENGER CAR,03,False,,DI,05,,False,05,01,True,HYUN,SON,4 DOOR,HYUNDAI,SONATA,
33331215,1,PASSENGER CAR,03,False,,DI,05,,False,05,01,True,INFI,M37,4 DOOR,INFINITI,M37,
33336342,1,PASSENGER CAR,01,False,,DI,05,,False,05,01,True,BUIC,LCR,4 DOOR,BUICK,LACROSSE,
33317632,2,PASSENGER CAR,02,False,,DI,05,,False,05,01,True,TOYT,AVA,4 DOOR,TOYOTA,AVALON,
32972750,1,PASSENGER CAR,01,False,,DI,16,17,False,05,01,True,NISS,SEN,4 DOOR,NISSAN,SENTRA,
32973003,1,PASSENGER CAR,03,False,,DI,05,,False,08,01,True,CHEV,SON,4 DOOR,CHEVROLET,SONIC,
32973003,2,PASSENGER CAR,03,False,,DI,05,,False,07,01,True,FORD,FUS,4 DOOR,FORD,FUSION,
32976305,1,PASSENGER CAR,03,False,,DI,05,,False,03,01,True,TOYT,CAM,4 DOOR,TOYOTA,CAMRY,
32965206,2,PASSENGER CAR,01,False,,DI,05,05,False,13,01,True,HYUN,ELN,4 DOOR,HYUNDAI,ELANTRA,
32965206,3,PASSENGER CAR,01,False,,DI,05,,False,13,01,True,TOYT,CAM,4 DOOR,TOYOTA,CAMRY,
32945957,1,PASSENGER CAR,03,False,,DI,05,,False,03,01,True,TOYT,CAM,4 DOOR,TOYOTA,CAMRY,
32948609,1,PASSENGER CAR,03,False,,DI,47,,False,05,01,True,CHEV,CRZ,4 DOOR,CHEVROLET,CRUZE,
32957053,1,PASSENGER CAR,01,False,,DI,41,,False,05,01,True,KIA,SOL,4 DOOR,KIA MOTORS CORPORATION,SOUL,
33342985,1,PASSENGER CAR,03,False,,DI,05,,False,03,01,True,VOLK,JET,4 DOOR,VOLKSWAGEN,JETTA,
33343004,1,PASSENGER CAR,02,False,,DI,05,,False,05,01,True,NISS,SEN,4 DOOR,NISSAN,SENTRA,
33343004,2,PASSENGER CAR,02,False,,DI,05,,False,13,01,True,CHEV,IMP,4 DOOR,CHEVROLET,IMPALA,
33343006,1,PASSENGER CAR,02,False,,DI,05,,False,03,01,True,HYUN,SON,4 DOOR,HYUNDAI,SONATA,
33347562,1,PASSENGER CAR,03,False,,UN,05,,False,05,01,True,HYUN,SON,4 DOOR,HYUNDAI,SONATA,
33430979,2,PASSENGER CAR,01,False,,DI,05,,False,13,01,True,CHEV,TRX,4 DOOR,CHEVROLET,TRAX,
33378546,1,PASSENGER CAR,01,False,,DI,05,,False,05,01,True,DODG,CHA,4 DOOR,DODGE,CHARGER,
33377951,2,PASSENGER CAR,01,False,,DI,05,,False,05,01,True,HYUN,ELN,4 DOOR,HYUNDAI,ELANTRA,
33378002,1,PASSENGER CAR,01,False,,DI,05,,False,03,01,True,NISS,ALT,4 DOOR,NISSAN,ALTIMA,
33431439,1,PASSENGER CAR,03,False,,DI,05,,False,10,01,True,KIA,FRT,4 DOOR,KIA MOTORS CORPORATION,FORTE,
33424842,3,PASSENGER CAR,01,False,,DI,05,,False,05,01,True,FORD,FOC,4 DOOR,FORD,FOCUS/FOCUS RS,
33425916,1,PASSENGER CAR,01,False,,DI,05,05,False,05,01,True,NISS,ALT,4 DOOR,NISSAN,ALTIMA,
33425916,2,PASSENGER CAR,01,False,,DI,05,,False,13,01,True,GENS,G70,4 DOOR,GENESIS,G70,
33425916,3,PASSENGER CAR,01,False,,DI,05,05,False,05,01,True,NISS,RGS,4 DOOR,NISSAN,ROGUE SPORT,
33424842,1,PASSENGER CAR,01,False,,DI,05,,False,05,98,False,NISS,MAX,4 DOOR,NISSAN,MAXIMA,
33414234,2,PASSENGER CAR,03,False,,DI,05,,False,03,01,True,TOYT,CAM,4 DOOR,TOYOTA,CAMRY,
33431393,2,PASSENGER CAR,02,False,,DI,05,,False,05,01,True,HOND,CIV,4 DOOR,HONDA,CIVIC,
33403800,1,PASSENGER CAR,01,False,,DI,47,,False,05,01,True,NISS,VRS,4 DOOR,NISSAN,VERSA,
33373237,1,PASSENGER CAR,03,False,,DI,05,34,True,15,01,True,MERC,SAB,4 DOOR,MERCURY,SABLE,
33373237,2,PASSENGER CAR,03,False,,DI,05,,False,16,01,True,CHEV,,4 DOOR,CHEVROLET,MA,
33373542,1,PASSENGER CAR,01,False,,DI,05,,False,13,01,True,CHEV,IMP,4 DOOR,CHEVROLET,IMPALA,
33373542,2,PASSENGER CAR,01,False,,DI,05,,False,13,01,True,FORD,FUS,4 DOOR,FORD,FUSION,
33371824,2,PASSENGER CAR,01,False,,DI,05,,False,05,01,True,TOYT,CAM,4 DOOR,TOYOTA,CAMRY,
33371882,1,PASSENGER CAR,01,False,,DI,32,,False,05,98,True,HYUN,ELN,4 DOOR,HYUNDAI,ELANTRA,
33372156,1,PASSENGER CAR,03,False,,DI,05,,False,05,01,True,ACUR,ATL,4 DOOR,ACURA,TL,
33366802,1,PASSENGER CAR,01,False,,DI,51,47,False,05,01,True,TOYT,CAM,4 DOOR,TOYOTA,CAMRY,
33362684,1,PASSENGER CAR,03,False,,DI,05,,False,05,01,False,TOYT,CAM,4 DOOR,TOYOTA,CAMRY,
33362684,2,PASSENGER CAR,03,False,,DI,05,,False,05,01,True,TOYT,AVA,4 DOOR,TOYOTA,AVALON,
33362949,1,PASSENGER CAR,01,False,,DI,05,,False,05,01,True,BUIC,CEN,4 DOOR,BUICK,CENTURY,
33362644,1,PASSENGER CAR,01,False,,DI,05,,False,05,01,True,VOLK,GTI,4 DOOR,VOLKSWAGEN,GTI,
33393198,1,PASSENGER CAR,01,False,,DI,31,30,False,05,01,False,PONT,G6,4 DOOR,PONTIAC,G6,
33392809,1,PASSENGER CAR,02,False,,DI,05,,False,05,01,True,NISS,SEN,4 DOOR,NISSAN,SENTRA,
33392731,1,PASSENGER CAR,01,False,,DI,05,,False,05,01,True,FORD,FUS,4 DOOR,FORD,FUSION,
33392731,2,PASSENGER CAR,01,False,,DI,05,,False,13,01,True,HOND,CIV,4 DOOR,HONDA,CIVIC,
33392712,3,PASSENGER CAR,01,False,,DI,05,,False,05,01,True,FORD,FOC,4 DOOR,FORD,FOCUS/FOCUS RS,
33389875,1,PASSENGER CAR,01,False,,DI,20,40,False,05,01,True,FORD,FUS,4 DOOR,FORD,FUSION,
33387354,1,PASSENGER CAR,01,False,,DI,05,,False,05,01,True,CHEV,MAL,4 DOOR,CHEVROLET,MALIBU,
33383699,2,PASSENGER CAR,01,False,,DI,05,,False,05,01,True,FORD,TAU,4 DOOR,FORD,TAURUS,
33381982,1,PASSENGER CAR,03,False,,DI,05,,False,05,01,True,CHEV,HHR,4 DOOR,CHEVROLET,HHR,
33380030,1,PASSENGER CAR,01,False,,DI,05,,False,07,01,True,FORD,TAU,4 DOOR,FORD,TAURUS,
33378705,1,PASSENGER CAR,03,False,,DI,05,,False,05,01,True,STRN,AUR,4 DOOR,SATURN,AURA,
33408489,2,PASSENGER CAR,01,False,,DI,05,,False,15,01,True,NISS,ALT,4 DOOR,NISSAN,ALTIMA,
33408363,2,PASSENGER CAR,01,False,,DI,05,,False,02,01,True,HOND,ACC,4 DOOR,HONDA,ACCORD,
33419922,2,PASSENGER CAR,01,False,,DI,05,,False,05,01,True,FORD,FOC,4 DOOR,FORD,FOCUS/FOCUS RS,
33420201,1,PASSENGER CAR,01,False,,DI,05,,False,05,01,True,CHEV,MAL,4 DOOR,CHEVROLET,MALIBU,
33402642,1,PASSENGER CAR,01,False,,DI,05,,False,05,01,True,CHEV,CRZ,4 DOOR,CHEVROLET,CRUZE,
33411262,1,PASSENGER CAR,01,False,,DI,05,46,False,98,01,False,LINC,MKZ,4 DOOR,LINCOLN,MKZ,
33410645,1,PASSENGER CAR,01,False,,DI,05,,False,05,01,True,FORD,FUS,4 DOOR,FORD,FUSION,
33416574,1,PASSENGER CAR,03,False,,DI,05,,False,05,06,False,FORD,FOC,4 DOOR,FORD,FOCUS/FOCUS RS,
33412262,2,PASSENGER CAR,03,False,,DI,05,,False,05,01,True,TOYT,CAM,4 DOOR,TOYOTA,CAMRY,
33412296,1,PASSENGER CAR,03,False,,DI,49,,False,05,01,True,CHRY,SEB,4 DOOR,CHRYSLER,SEBRING,
33412772,1,PASSENGER CAR,03,False,,DI,05,,False,05,01,True,FORD,FUS,4 DOOR,FORD,FUSION,
32903647,4,PASSENGER CAR,01,False,,DI,47,,False,01,01,True,CHEV,IMP,4 DOOR,CHEVROLET,IMPALA,
32943735,1,PASSENGER CAR,01,False,,DI,05,,False,10,01,True,TOYT,CAM,4 DOOR,TOYOTA,CAMRY,
33404536,3,PASSENGER CAR,03,False,,DI,05,,False,13,01,True,HOND,CIV,4 DOOR,HONDA,CIVIC,
33407063,1,PASSENGER CAR,03,False,,DI,05,,False,05,01,True,FORD,FUS,4 DOOR,FORD,FUSION,
33401801,1,PASSENGER CAR,01,False,,DI,05,,False,05,01,True,NISS,MAX,4 DOOR,NISSAN,MAXIMA,
33399873,1,PASSENGER CAR,03,False,,DI,06,,False,05,01,True,CHEV,HHR,4 DOOR,CHEVROLET,HHR,
33400799,1,PASSENGER CAR,03,False,,DI,05,,False,04,01,True,CHEV,IMP,4 DOOR,CHEVROLET,IMPALA,
33397037,1,PASSENGER CAR,03,False,,DI,05,,False,10,01,True,NISS,ALT,4 DOOR,NISSAN,ALTIMA,
33397037,3,PASSENGER CAR,03,False,,DI,05,,False,10,01,True,DODG,DAR,4 DOOR,DODGE,DART,
33398363,2,PASSENGER CAR,01,False,,DI,05,,False,05,01,True,FORD,TAU,4 DOOR,FORD,TAURUS,
33398679,1,PASSENGER CAR,01,False,,DI,05,,False,05,01,True,HYUN,ELN,4 DOOR,HYUNDAI,ELANTRA,
33394938,2,PASSENGER CAR,01,False,,DI,05,,False,13,01,True,NISS,ALT,4 DOOR,NISSAN,ALTIMA,
33395779,1,PASSENGER CAR,03,False,,DI,05,,False,10,01,True,CHEV,MAL,4 DOOR,CHEVROLET,MALIBU,
33393260,2,PASSENGER CAR,03,False,,DI,05,,False,13,01,True,TOYT,CAM,4 DOOR,TOYOTA,CAMRY,
33370493,2,LT TRUCK(VAN/SPORTS UTILITY/PICKUP),01,False,,DI,05,,False,13,01,True,DODG,DUR,HATCHBACK 4 DOOR,DODGE,DURANGO,
33034069,3,PASSENGER CAR,01,False,,DI,05,,False,05,01,True,NISS,VRS,HATCHBACK 4 DOOR,NISSAN,VERSA,
33011469,2,PASSENGER CAR,03,False,,DI,05,,False,05,01,True,LEXS,CT2,5 DOOR,LEXUS,CT 200H,
32787804,2,PASSENGER CAR,01,False,,DI,49,,False,05,01,True,FORD,FOC,5 DOOR,FORD,FOCUS/FOCUS RS,
32714074,1,PASSENGER CAR,01,False,,DI,05,,False,05,01,True,SCIO,XA,5 DOOR,SCION,XA,
32852002,1,PASSENGER CAR,03,False,,DI,05,,False,05,01,True,TOYT,PRI,5 DOOR,TOYOTA,PRIUS,
32733997,1,PASSENGER CAR,01,False,,DI,05,,False,03,01,True,FORD,,5 DOOR,FORD,BRONCO,
33288398,2,PASSENGER CAR,01,False,,DI,05,,False,05,01,True,TOYT,PRI,5 DOOR,TOYOTA,PRIUS,
33128371,2,PASSENGER CAR,01,False,,DI,05,05,False,13,01,True,ACUR,TSX,5 DOOR,ACURA,TSX,
33222914,2,PASSENGER CAR,01,False,,DI,05,,False,13,01,True,KIA,STG,5 DOOR,KIA MOTORS CORPORATION,STINGER,
33071998,1,PASSENGER CAR,02,False,,DI,05,,False,05,01,True,KIA,SPC,5 DOOR,KIA MOTORS CORPORATION,SPECTRA,
33092743,2,PASSENGER CAR,03,False,,DI,05,,False,05,01,True,FORD,FOC,5 DOOR,FORD,FOCUS/FOCUS RS,
33424176,2,LT TRUCK(VAN/SPORTS UTILITY/PICKUP),01,False,,DI,05,05,False,13,01,False,TOYT,VNZ,5 DOOR,TOYOTA,VENZA,
33394247,2,PASSENGER CAR,01,False,,DI,05,32,False,05,01,True,FORD,FOC,5 DOOR,FORD,FOCUS/FOCUS RS,
33404536,1,PASSENGER CAR,03,False,,DI,05,,False,13,01,True,FORD,FIE,5 DOOR,FORD,FIESTA,
33362668,1,PASSENGER CAR,02,False,,DI,05,,False,05,01,True,MAZD,MZ3,HATCHBACK 5 DOOR,MAZDA,MAZDA 3,
33109520,2,PASSENGER CAR,03,False,,DI,05,,False,05,01,True,HYUN,ELN,HATCHBACK 5 DOOR,HYUNDAI,ELANTRA,
33253684,1,PASSENGER CAR,01,False,,DI,05,,False,08,01,True,HOND,FIT,HATCHBACK 5 DOOR,HONDA,FIT,
33175521,1,PASSENGER CAR,02,False,,DI,05,,False,05,01,True,TOYT,PRI,HATCHBACK 5 DOOR,TOYOTA,PRIUS,
33128371,1,PASSENGER CAR,02,False,,DI,05,,False,05,01,True,TOYT,PRI,HATCHBACK 5 DOOR,TOYOTA,PRIUS,
33261660,2,BUS,01,True,,DI,05,,False,16,01,True,ICRP,COM,ARMOURED TRUCK,IC CORPORATION/IC BUS LLC.,COMMERCIAL UNIT,
33324264,2,BUS,03,True,,DI,05,,False,05,01,True,PREO,BUS,BUS,PREVOST CAR INC.,BUS,
33338372,1,BUS,03,False,,UN,47,,False,05,01,True,GILG,CTB,BUS,GILLIG BUS,CITY TRANSIT BUS,
32750402,2,BUS,03,False,,DI,05,,False,05,01,True,ICRP,BUS,BUS,IC CORPORATION/IC BUS LLC.,BUS,
32964686,1,BUS,01,False,,DI,05,,False,07,01,True,FORD,,BUS,FORD,,
33157915,1,BUS,01,False,,DI,17,,False,07,01,True,THMS,SCH,BUS,THOMAS BUILT BUS COMPANY,SCHOOL BUS,
32921514,1,SCHOOL BUS,01,False,,DI,05,,False,08,01,True,BLUE,BUS,BUS,BLUE RIBBON COACH CO,BUS,
33343005,2,SCHOOL BUS,02,False,,DI,05,,False,05,01,True,THMS,SCH,BUS,THOMAS BUILT BUS COMPANY,SCHOOL BUS,
33148920,1,TRUCK & TRAILER,03,False,,DI,05,,False,05,01,True,FORD,F45,CHASSIS AND CAB(UTILITY TK),FORD,F450 SERIES,
33401801,2,TRUCK-SINGLE UNIT,01,True,,DI,05,,False,08,01,True,FRHT,CNT,CHASSIS AND CAB(UTILITY TK),FREIGHTLINER,CONVENTIONAL 6X4 TRUCK,
33400799,2,PASSENGER CAR,03,False,,DL,05,,False,12,01,True,FORD,MUS,COUPE,FORD,MUSTANG,
32963932,2,PASSENGER CAR,03,False,,DI,05,20,False,05,01,True,FORD,MUS,COUPE,FORD,MUSTANG,
33173331,1,PASSENGER CAR,03,False,,DI,51,21,False,05,01,False,FORD,MUS,COUPE,FORD,MUSTANG,
33151045,1,PASSENGER CAR,03,False,,DI,54,05,False,14,01,True,FORD,MUS,COUPE,FORD,MUSTANG,
33131156,1,PASSENGER CAR,03,False,,DI,05,,False,05,01,True,FORD,MUS,COUPE,FORD,MUSTANG,
33232378,2,PASSENGER CAR,03,False,,DI,05,,False,16,98,True,FORD,MUS,COUPE,FORD,MUSTANG,
33340771,1,MOTOR HOME/RECREATIONAL VEHICLE,03,False,,DI,32,,False,08,01,True,JAY,,CAMPING (Camper or travel trailer),JAYCO,,
32872987,1,PASSENGER CAR,01,False,,DI,05,,False,13,01,True,SMRT,FTW,CONVERTIBLE,SMART VEHICLES,FORTWO,
32971254,2,PASSENGER CAR,03,False,,DI,05,,False,16,01,True,PONT,SOL,CONVERTIBLE,PONTIAC,SOLSTICE,
33051731,1,PASSENGER CAR,01,False,,DI,05,,False,05,01,True,LEXS,S43,CONVERTIBLE,LEXUS,SC430,
32944295,1,TRUCK-SINGLE UNIT,03,True,,DI,05,,False,08,01,True,FRHT,,DUMP,FREIGHTLINER,114SD,
33426246,1,TRUCK-SINGLE UNIT,01,False,,DI,05,,False,05,01,True,MACK,,DUMP,MACK TRUCKS INC.,,
33408489,1,TRUCK-SINGLE UNIT,03,True,,DI,05,05,False,15,01,True,KW,,DUMP,KENWORTH MOTOR TRUCK CO.,CBE,
33334063,1,TRUCK-SINGLE UNIT,01,False,,DI,42,51,False,13,98,True,KW,T80,DUMP,KENWORTH MOTOR TRUCK CO.,T800/T8 SERIES,
33329074,1,TRUCK TRACTOR & SEMI-TRAILER,01,True,,DI,14,,False,08,01,True,FRHT,CAS,TRACTOR TRUCK DIESEL,FREIGHTLINER,CASCADIA,
33338095,1,TRUCK TRACTOR & SEMI-TRAILER,03,True,,DI,05,,False,05,01,True,KW,,TRACTOR TRUCK DIESEL,KENWORTH MOTOR TRUCK CO.,CBE,
33338095,2,TRUCK TRACTOR & SEMI-TRAILER,03,True,,DI,05,,False,13,01,True,FRHT,,TRACTOR TRUCK DIESEL,FREIGHTLINER,CBE,
33335164,1,TRUCK TRACTOR & SEMI-TRAILER,01,True,,DI,05,,False,06,01,True,VOLV,VNL,TRACTOR TRUCK DIESEL,VOLVO,VNL,
33346749,2,TRUCK-SINGLE UNIT,03,False,,DI,05,,False,05,01,True,KW,T3S,TRACTOR TRUCK DIESEL,KENWORTH MOTOR TRUCK CO.,T3 SERIES,
33407792,2,TRUCK-SINGLE UNIT,03,True,,DI,05,,False,13,01,True,FRHT,,TRACTOR TRUCK DIESEL,FREIGHTLINER,114SD,
33411262,6,TRUCK-SINGLE UNIT,03,True,,DL,05,,False,12,01,True,INTL,TK1,TRACTOR TRUCK DIESEL,INTERNATIONAL,STRAIGHT TRUCK,
32921514,2,TRUCK-SINGLE UNIT,01,False,,DL,05,,False,12,01,True,INTL,WRK,TRACTOR TRUCK DIESEL,INTERNATIONAL,WORKSTAR,
33397552,2,TRUCK TRACTOR & SEMI-TRAILER,02,True,,DI,05,,False,05,01,True,FRHT,CAS,TRACTOR TRUCK DIESEL,FREIGHTLINER,CASCADIA,
32922019,2,TRUCK TRACTOR & SEMI-TRAILER,03,True,,DI,05,,False,10,01,True,PTRB,579,TRACTOR TRUCK DIESEL,PETERBILT MOTORS CO.,579,
32982687,2,TRUCK TRACTOR & SEMI-TRAILER,03,True,,DI,05,,False,13,01,True,PTRB,389,TRACTOR TRUCK DIESEL,PETERBILT MOTORS CO.,389,
33004562,2,TRUCK TRACTOR & SEMI-TRAILER,03,True,,DI,05,,False,13,01,True,INTL,LON,TRACTOR TRUCK DIESEL,INTERNATIONAL,LONESTAR,
33001120,1,TRUCK TRACTOR & SEMI-TRAILER,03,True,,DI,05,,False,03,01,True,FRHT,,TRACTOR TRUCK DIESEL,FREIGHTLINER,,
33011469,1,TRUCK TRACTOR & SEMI-TRAILER,03,True,,DI,05,,False,10,01,True,PTRB,389,TRACTOR TRUCK DIESEL,PETERBILT MOTORS CO.,389,
33378705,3,TRUCK TRACTOR & SEMI-TRAILER,03,True,,DI,05,,False,05,01,True,VOLV,VNL,TRACTOR TRUCK DIESEL,VOLVO,VNL,
33430979,1,TRUCK TRACTOR & SEMI-TRAILER,01,True,,DI,05,,False,05,01,True,PTRB,TK,TRACTOR TRUCK DIESEL,PETERBILT MOTORS CO.,TRUCK,
33429942,1,TRUCK TRACTOR & SEMI-TRAILER,03,True,,DI,05,,False,08,01,True,FRHT,CAS,TRACTOR TRUCK DIESEL,FREIGHTLINER,CASCADIA,
33371183,2,TRUCK TRACTOR & SEMI-TRAILER,01,True,,DI,05,,False,05,01,True,INTL,LTS,TRACTOR TRUCK DIESEL,INTERNATIONAL,LT SERIES,
33363593,2,TRUCK TRACTOR & SEMI-TRAILER,03,True,,DI,05,,False,13,01,True,FRHT,,TRACTOR TRUCK DIESEL,FREIGHTLINER,CBE,
33363592,1,TRUCK TRACTOR & SEMI-TRAILER,03,True,,DI,05,,False,03,01,True,PTRB,,TRACTOR TRUCK DIESEL,PETERBILT MOTORS CO.,CBE,
33363592,2,TRUCK TRACTOR & SEMI-TRAILER,03,True,,DI,05,,False,05,01,True,VOLV,VNL,TRACTOR TRUCK DIESEL,VOLVO,VNL,
33412772,2,TRUCK TRACTOR & SEMI-TRAILER,03,True,,DI,05,,False,16,01,True,FRHT,,TRACTOR TRUCK DIESEL,FREIGHTLINER,,
33348537,2,TRUCK TRACTOR & SEMI-TRAILER,03,True,,DI,05,,False,03,01,True,PTRB,579,TRACTOR TRUCK DIESEL,PETERBILT MOTORS CO.,579,
33348856,1,TRUCK TRACTOR & SEMI-TRAILER,03,True,,DI,05,,False,05,01,True,PTRB,TK,TRACTOR TRUCK DIESEL,PETERBILT MOTORS CO.,TRUCK,
33348856,2,TRUCK TRACTOR & SEMI-TRAILER,03,True,,DI,05,,False,05,01,True,VOLV,CON,TRACTOR TRUCK DIESEL,VOLVO,CONV (CBE),
33242471,2,TRUCK TRACTOR & SEMI-TRAILER,03,True,,DI,05,,False,05,01,True,VOLV,VNL,TRACTOR TRUCK DIESEL,VOLVO,VNL,
33251432,1,TRUCK TRACTOR & SEMI-TRAILER,01,False,,DI,05,,False,05,01,,,,TRACTOR TRUCK DIESEL,,,
32686843,2,TRUCK TRACTOR & SEMI-TRAILER,03,True,,DI,05,,False,05,01,True,FRHT,CAS,TRACTOR TRUCK DIESEL,FREIGHTLINER,CASCADIA,
32756505,2,TRUCK TRACTOR & SEMI-TRAILER,03,True,,DI,05,41,False,05,01,True,FRHT,,TRACTOR TRUCK DIESEL,FREIGHTLINER,3HS,
33177883,1,TRUCK TRACTOR & SEMI-TRAILER,03,True,,DI,20,,False,06,01,True,FRHT,CAS,TRACTOR TRUCK DIESEL,FREIGHTLINER,CASCADIA,
33158706,1,TRUCK TRACTOR & SEMI-TRAILER,01,False,,DI,05,,False,05,01,True,VOLV,VNL,TRACTOR TRUCK DIESEL,VOLVO,VNL,
33119166,2,TRUCK TRACTOR & SEMI-TRAILER,01,True,,DI,05,,False,05,01,True,VOLV,,TRACTOR TRUCK DIESEL,VOLVO,,
33079465,2,TRUCK TRACTOR & SEMI-TRAILER,03,True,,DI,05,,False,08,01,True,FRHT,CAS,TRACTOR TRUCK DIESEL,FREIGHTLINER,CASCADIA,
33151045,2,TRUCK TRACTOR & SEMI-TRAILER,03,True,,DI,05,,False,05,01,True,INTL,TKT,TRACTOR TRUCK DIESEL,INTERNATIONAL,TRUCKTRACTOR,
33425027,2,TRUCK TRACTOR & SEMI-TRAILER,01,True,,DI,05,,False,16,01,True,VOLV,,TRACTOR TRUCK DIESEL,VOLVO,UNKNOWN,
32800875,1,TRUCK TRACTOR & SEMI-TRAILER,01,False,,DI,05,,False,06,01,True,VOLV,VNL,TRACTOR TRUCK DIESEL,VOLVO,VNL,
32820177,1,TRUCK TRACTOR & SEMI-TRAILER,03,True,,DI,05,,False,05,01,True,VOLV,VNL,TRACTOR TRUCK DIESEL,VOLVO,VNL,
32820177,2,TRUCK TRACTOR & SEMI-TRAILER,03,True,,DI,05,,False,05,01,True,FRHT,CAS,TRACTOR TRUCK DIESEL,FREIGHTLINER,CASCADIA,
32880874,1,TRUCK TRACTOR & SEMI-TRAILER,03,True,,DI,05,,False,13,01,True,FRHT,CAS,TRACTOR TRUCK DIESEL,FREIGHTLINER,CASCADIA,
32880874,2,TRUCK TRACTOR & SEMI-TRAILER,03,True,,DI,05,05,False,05,01,True,INTL,,TRACTOR TRUCK DIESEL,INTERNATIONAL,LT,
32880874,3,TRUCK TRACTOR & SEMI-TRAILER,03,True,,DI,05,05,False,05,01,True,FRHT,,TRACTOR TRUCK DIESEL,FREIGHTLINER,CAS,
32747062,1,TRUCK & TRAILER,03,True,,DI,05,,False,05,01,True,VOLV,,TRACTOR TRUCK DIESEL,VOLVO,,
33268027,1,TRUCK-SINGLE UNIT,03,True,,DI,05,,False,13,01,True,FRHT,CAS,TRACTOR TRUCK DIESEL,FREIGHTLINER,CASCADIA,
33274678,1,TRUCK-SINGLE UNIT,03,True,,DI,05,,False,07,01,True,FRHT,MB5,TRACTOR TRUCK DIESEL,FREIGHTLINER,MB 55 CHASSIS,
32747062,2,TRUCK-SINGLE UNIT,03,True,,DI,05,,False,08,01,True,FRHT,CAS,TRACTOR TRUCK DIESEL,FREIGHTLINER,CASCADIA,
33398363,1,TRUCK & TRAILER,01,True,,DI,05,,False,05,01,True,INTL,TKT,TRACTOR TRUCK DIESEL,INTERNATIONAL,TRUCKTRACTOR,
32933584,1,TRUCK-SINGLE UNIT,01,False,,DI,05,,False,05,01,True,CHEV,TRV,FLATBED OR PLATFORM,CHEVROLET,KODIAK C5500,
32750312,2,TRUCK-SINGLE UNIT,02,True,,DL,05,,False,12,01,True,FRHT,M2C,FLATRACK,FREIGHTLINER,M2 CONVENTIONAL,
32979457,2,TRUCK-SINGLE UNIT,02,True,,DL,05,,False,12,01,True,FORD,F55,INCOMPLETE VEHICLE,FORD,F550 SERIES,
32984950,1,TRUCK-SINGLE UNIT,03,True,,DI,13,36,False,05,01,False,STLG,,INCOMPLETE VEHICLE,STERLING,L8500,
33377951,1,TRUCK-SINGLE UNIT,01,True,,DI,05,,False,03,01,True,GMC,MDI,INCOMPLETE VEHICLE,GENERAL MOTORS CORP,MEDIUM DUTY INCOMPLETE VEHICLE,
33212012,2,LT TRUCK(VAN/SPORTS UTILITY/PICKUP),03,False,,DI,05,,False,05,01,True,FORD,F55,INCOMPLETE VEHICLE,FORD,F550 SERIES,
33288398,1,LT TRUCK(VAN/SPORTS UTILITY/PICKUP),01,False,,DI,05,,False,05,01,True,CHEV,SLV,INCOMPLETE VEHICLE,CHEVROLET,SILVERADO,
33038192,2,LT TRUCK(VAN/SPORTS UTILITY/PICKUP),03,False,,DI,05,,False,10,01,True,FORD,F55,INCOMPLETE VEHICLE,FORD,F550 SERIES,
33081957,1,LT TRUCK(VAN/SPORTS UTILITY/PICKUP),03,False,,DI,05,,False,10,01,True,CHEV,SLV,INCOMPLETE VEHICLE,CHEVROLET,SILVERADO,
33070342,1,LT TRUCK(VAN/SPORTS UTILITY/PICKUP),03,False,,DI,05,,False,05,01,True,FORD,F35,INCOMPLETE VEHICLE,FORD,F350 SERIES,
33077658,3,LT TRUCK(VAN/SPORTS UTILITY/PICKUP),03,False,,DI,05,,False,13,01,True,TOYT,RAV,CARRY-ALL,TOYOTA,RAV4,
33101554,1,LT TRUCK(VAN/SPORTS UTILITY/PICKUP),03,False,,DI,05,,False,03,01,True,FORD,XPL,CARRY-ALL,FORD,EXPLORER,
33083941,2,LT TRUCK(VAN/SPORTS UTILITY/PICKUP),03,False,,DI,05,,False,05,01,True,HYUN,SFE,CARRY-ALL,HYUNDAI,SANTA FE,
33065755,1,LT TRUCK(VAN/SPORTS UTILITY/PICKUP),01,False,,DI,05,,False,13,01,True,NISS,RGE,CARRY-ALL,NISSAN,ROGUE/ROGUE SELECT,
33174506,1,LT TRUCK(VAN/SPORTS UTILITY/PICKUP),01,False,,DI,05,,False,05,01,True,CHEV,EQX,CARRY-ALL,CHEVROLET,EQUINOX,
33174506,2,LT TRUCK(VAN/SPORTS UTILITY/PICKUP),01,False,,DI,05,05,False,13,01,True,NISS,RGS,CARRY-ALL,NISSAN,ROGUE SPORT,
33053276,1,LT TRUCK(VAN/SPORTS UTILITY/PICKUP),03,False,,DI,40,,False,05,01,True,SUBA,CTK,CARRY-ALL,SUBARU,CROSSTREK/XV CROSSTREK,
32806149,1,LT TRUCK(VAN/SPORTS UTILITY/PICKUP),03,False,,DI,05,,False,05,01,True,TOYT,,CARRY-ALL,TOYOTA,RAV,
33097623,1,LT TRUCK(VAN/SPORTS UTILITY/PICKUP),01,False,,DI,05,,False,05,01,True,HYUN,SFE,CARRY-ALL,HYUNDAI,SANTA FE,
33104828,1,LT TRUCK(VAN/SPORTS UTILITY/PICKUP),03,False,,DI,41,,False,05,01,True,SUBA,FOR,CARRY-ALL,SUBARU,FORESTER,
33087435,1,LT TRUCK(VAN/SPORTS UTILITY/PICKUP),01,False,,DI,05,,False,05,01,True,CHEV,TRV,CARRY-ALL,CHEVROLET,TRAVERSE,
33082958,1,LT TRUCK(VAN/SPORTS UTILITY/PICKUP),03,False,,DI,05,,False,05,01,True,KIA,SOR,CARRY-ALL,KIA MOTORS CORPORATION,SORENTO,
33091299,2,LT TRUCK(VAN/SPORTS UTILITY/PICKUP),03,False,,DI,05,41,False,05,01,True,MITS,OUT,CARRY-ALL,MITSUBISHI,OUTLANDER,
33093968,1,LT TRUCK(VAN/SPORTS UTILITY/PICKUP),03,False,,DI,05,,False,07,01,True,DODG,RCH,CARRY-ALL,DODGE,RAMCHARGER,
33116607,2,LT TRUCK(VAN/SPORTS UTILITY/PICKUP),03,False,,DI,05,,False,16,01,True,LEXS,R35,CARRY-ALL,LEXUS,RX350,
33117378,1,LT TRUCK(VAN/SPORTS UTILITY/PICKUP),01,False,,DI,05,,False,10,01,True,LINC,MKX,CARRY-ALL,LINCOLN,MKX,
33101884,1,LT TRUCK(VAN/SPORTS UTILITY/PICKUP),03,False,,DI,05,,False,05,01,True,FORD,XST,CARRY-ALL,FORD,SPORT TRAC,
33101884,2,LT TRUCK(VAN/SPORTS UTILITY/PICKUP),03,False,,DI,05,,False,05,01,True,SUBA,FOR,CARRY-ALL,SUBARU,FORESTER,
33102133,2,LT TRUCK(VAN/SPORTS UTILITY/PICKUP),03,False,,DI,05,,False,05,01,True,NISS,RGE,CARRY-ALL,NISSAN,ROGUE/ROGUE SELECT,
33102943,1,LT TRUCK(VAN/SPORTS UTILITY/PICKUP),03,False,,DI,05,,False,05,06,True,LEXS,,CARRY-ALL,LEXUS,RX45,
32852417,3,LT TRUCK(VAN/SPORTS UTILITY/PICKUP),01,False,,DI,05,,False,05,01,True,NISS,RGE,CARRY-ALL,NISSAN,ROGUE/ROGUE SELECT,
32819262,2,LT TRUCK(VAN/SPORTS UTILITY/PICKUP),01,False,,DI,05,,False,05,01,True,CADI,XT5,CARRY-ALL,CADILLAC,XT5,
32893084,1,LT TRUCK(VAN/SPORTS UTILITY/PICKUP),03,False,,DI,41,,False,05,01,False,FORD,ECP,CARRY-ALL,FORD,ESCAPE,
32899838,2,LT TRUCK(VAN/SPORTS UTILITY/PICKUP),03,False,,DI,05,,False,13,01,True,TOYT,HGH,CARRY-ALL,TOYOTA,HIGHLANDER,
32889501,1,LT TRUCK(VAN/SPORTS UTILITY/PICKUP),01,False,,DI,20,,False,05,01,True,TOYT,HGH,CARRY-ALL,TOYOTA,HIGHLANDER,
32889605,1,LT TRUCK(VAN/SPORTS UTILITY/PICKUP),03,False,,DI,05,,False,15,01,True,SUBA,,CARRY-ALL,SUBARU,FOR,
32890651,1,LT TRUCK(VAN/SPORTS UTILITY/PICKUP),01,False,,DI,46,,False,05,01,True,FORD,XPL,CARRY-ALL,FORD,EXPLORER,
32891668,1,LT TRUCK(VAN/SPORTS UTILITY/PICKUP),01,False,,DI,51,36,False,98,01,True,JEEP,CHK,CARRY-ALL,JEEP,CHEROKEE,
32888031,3,LT TRUCK(VAN/SPORTS UTILITY/PICKUP),03,False,,DI,05,,False,13,01,True,FORD,EDG,CARRY-ALL,FORD,EDGE,
32882819,1,LT TRUCK(VAN/SPORTS UTILITY/PICKUP),01,False,,DI,33,05,False,13,98,True,FORD,ECP,CARRY-ALL,FORD,ESCAPE,
32755079,1,LT TRUCK(VAN/SPORTS UTILITY/PICKUP),01,False,,DI,41,,False,05,01,True,VOLK,ATL,CARRY-ALL,VOLKSWAGEN,ATLAS/ATLAS CROSS SPORT,
32757863,1,LT TRUCK(VAN/SPORTS UTILITY/PICKUP),01,False,,DI,05,,False,13,01,True,DODG,DUR,CARRY-ALL,DODGE,DURANGO,
32757863,2,LT TRUCK(VAN/SPORTS UTILITY/PICKUP),01,False,,DI,05,,False,13,01,True,CHEV,TRV,CARRY-ALL,CHEVROLET,TRAVERSE,
32716413,1,LT TRUCK(VAN/SPORTS UTILITY/PICKUP),03,False,,DI,45,,False,05,01,True,FORD,XPL,CARRY-ALL,FORD,EXPLORER,
32733964,1,LT TRUCK(VAN/SPORTS UTILITY/PICKUP),03,False,,UN,05,,False,05,01,True,FORD,TRN,CARRY-ALL,FORD,TRANSIT,
32821422,1,LT TRUCK(VAN/SPORTS UTILITY/PICKUP),03,False,,DI,05,,False,05,01,True,HOND,CRV,CARRY-ALL,HONDA,CR-V,
32821422,2,LT TRUCK(VAN/SPORTS UTILITY/PICKUP),03,False,,DI,05,,False,16,01,True,TOYT,4RN,CARRY-ALL,TOYOTA,4RUNNER,
32832100,1,LT TRUCK(VAN/SPORTS UTILITY/PICKUP),03,False,,DI,05,,False,05,01,True,JEEP,GCH,CARRY-ALL,JEEP,GRAND CHEROKEE,
32700076,1,LT TRUCK(VAN/SPORTS UTILITY/PICKUP),03,False,,DI,13,,False,05,01,True,FORD,ECP,CARRY-ALL,FORD,ESCAPE,
32774475,2,LT TRUCK(VAN/SPORTS UTILITY/PICKUP),01,False,,DI,05,05,False,13,01,True,TOYT,HGH,CARRY-ALL,TOYOTA,HIGHLANDER,
32702194,2,LT TRUCK(VAN/SPORTS UTILITY/PICKUP),03,False,,DI,05,,False,13,01,True,TOYT,,CARRY-ALL,TOYOTA,RAV4,
33050770,2,LT TRUCK(VAN/SPORTS UTILITY/PICKUP),03,False,,DI,05,,False,05,01,True,HYUN,SFE,CARRY-ALL,HYUNDAI,SANTA FE,
32933584,2,LT TRUCK(VAN/SPORTS UTILITY/PICKUP),01,False,,DI,05,,False,13,01,True,ACUR,MDX,CARRY-ALL,ACURA,MDX,
32971390,1,LT TRUCK(VAN/SPORTS UTILITY/PICKUP),03,False,,DI,06,,False,08,01,True,HOND,ODY,CARRY-ALL,HONDA,ODYSSEY,
32972126,1,LT TRUCK(VAN/SPORTS UTILITY/PICKUP),03,False,,DI,05,,False,05,01,True,TOYT,RAV,CARRY-ALL,TOYOTA,RAV4,
32970125,1,LT TRUCK(VAN/SPORTS UTILITY/PICKUP),01,False,,DI,47,,False,05,01,True,HOND,CRV,CARRY-ALL,HONDA,CR-V,
33024535,2,LT TRUCK(VAN/SPORTS UTILITY/PICKUP),01,False,,DI,05,,False,05,01,True,FORD,ECP,CARRY-ALL,FORD,ESCAPE,
33025893,1,LT TRUCK(VAN/SPORTS UTILITY/PICKUP),01,False,,DI,41,,False,05,01,True,CHEV,TBZ,CARRY-ALL,CHEVROLET,TRAILBLAZER,
33026575,1,LT TRUCK(VAN/SPORTS UTILITY/PICKUP),01,False,,DI,46,,False,05,01,True,KIA,SOR,CARRY-ALL,KIA MOTORS CORPORATION,SORENTO,
33009739,1,LT TRUCK(VAN/SPORTS UTILITY/PICKUP),01,False,,DI,05,,False,15,01,True,FORD,ECP,CARRY-ALL,FORD,ESCAPE,
33035872,3,LT TRUCK(VAN/SPORTS UTILITY/PICKUP),01,False,,DI,05,,False,05,01,True,JEEP,WRG,CARRY-ALL,JEEP,WRANGLER,
33044209,1,LT TRUCK(VAN/SPORTS UTILITY/PICKUP),03,False,,DI,05,,False,05,01,True,HOND,CRV,CARRY-ALL,HONDA,CR-V,
33044209,2,LT TRUCK(VAN/SPORTS UTILITY/PICKUP),03,False,,DI,05,,False,13,01,True,TOYT,HGH,CARRY-ALL,TOYOTA,HIGHLANDER,
33035547,2,LT TRUCK(VAN/SPORTS UTILITY/PICKUP),03,False,,DI,05,,False,13,01,True,JEEP,RNG,CARRY-ALL,JEEP,RENEGADE,
33034032,2,LT TRUCK(VAN/SPORTS UTILITY/PICKUP),03,False,,DI,05,,False,13,01,True,CHEV,EQX,CARRY-ALL,CHEVROLET,EQUINOX,
32923488,4,LT TRUCK(VAN/SPORTS UTILITY/PICKUP),03,False,,DI,05,,False,16,01,True,FORD,BRN,CARRY-ALL,FORD,BRONCO,
32906874,1,LT TRUCK(VAN/SPORTS UTILITY/PICKUP),03,False,,DI,05,,False,03,01,True,TOYT,RAV,CARRY-ALL,TOYOTA,RAV4,
32909108,1,LT TRUCK(VAN/SPORTS UTILITY/PICKUP),03,False,,DI,05,,False,05,01,True,SUBA,FOR,CARRY-ALL,SUBARU,FORESTER,
32909108,2,LT TRUCK(VAN/SPORTS UTILITY/PICKUP),03,False,,DI,05,,False,13,01,True,KIA,SOR,CARRY-ALL,KIA MOTORS CORPORATION,SORENTO,
32915773,2,LT TRUCK(VAN/SPORTS UTILITY/PICKUP),03,False,,DI,05,,False,16,01,True,TOYT,HGH,CARRY-ALL,TOYOTA,HIGHLANDER,
32922019,1,LT TRUCK(VAN/SPORTS UTILITY/PICKUP),03,False,,DI,05,,False,10,01,True,LINC,NAV,CARRY-ALL,LINCOLN,NAVIGATOR,
32923488,2,LT TRUCK(VAN/SPORTS UTILITY/PICKUP),03,False,,DI,05,05,False,16,01,True,LINC,MKX,CARRY-ALL,LINCOLN,MKX,
33392743,1,LT TRUCK(VAN/SPORTS UTILITY/PICKUP),02,False,,DI,20,05,False,03,01,True,NISS,RGE,CARRY-ALL,NISSAN,ROGUE/ROGUE SELECT,
33392809,2,LT TRUCK(VAN/SPORTS UTILITY/PICKUP),01,False,,DI,05,,False,13,01,True,TOYT,HGH,CARRY-ALL,TOYOTA,HIGHLANDER,
32947384,2,LT TRUCK(VAN/SPORTS UTILITY/PICKUP),01,False,,DI,05,36,False,05,01,True,FORD,XPL,CARRY-ALL,FORD,EXPLORER,
32943651,2,LT TRUCK(VAN/SPORTS UTILITY/PICKUP),03,False,,DI,05,,False,16,01,True,MITS,OUT,CARRY-ALL,MITSUBISHI,OUTLANDER,
33005726,2,LT TRUCK(VAN/SPORTS UTILITY/PICKUP),01,False,,DI,05,,False,16,01,True,DODG,DUR,CARRY-ALL,DODGE,DURANGO,
33012740,1,LT TRUCK(VAN/SPORTS UTILITY/PICKUP),01,False,,DI,05,,False,05,01,True,TOYT,RAV,CARRY-ALL,TOYOTA,RAV4,
33012740,2,LT TRUCK(VAN/SPORTS UTILITY/PICKUP),01,False,,DI,05,,False,05,01,True,JEEP,CMP,CARRY-ALL,JEEP,COMPASS,
33035872,1,LT TRUCK(VAN/SPORTS UTILITY/PICKUP),01,False,,DI,05,,False,05,01,True,LINC,NAV,CARRY-ALL,LINCOLN,NAVIGATOR,
33028993,1,LT TRUCK(VAN/SPORTS UTILITY/PICKUP),01,False,,DI,13,,False,03,01,True,FORD,EDG,CARRY-ALL,FORD,EDGE,
32988728,2,LT TRUCK(VAN/SPORTS UTILITY/PICKUP),03,False,,DI,05,,False,13,01,True,DODG,DUR,CARRY-ALL,DODGE,DURANGO,
32997960,2,LT TRUCK(VAN/SPORTS UTILITY/PICKUP),01,False,,DI,05,05,False,13,01,True,FORD,EDG,CARRY-ALL,FORD,EDGE,
32770298,2,LT TRUCK(VAN/SPORTS UTILITY/PICKUP),03,False,,DI,05,,False,16,01,True,HOND,CRV,CARRY-ALL,HONDA,CR-V,
32770580,2,LT TRUCK(VAN/SPORTS UTILITY/PICKUP),03,False,,DI,05,,False,05,01,True,HOND,PLT,CARRY-ALL,HONDA,PILOT,
32658708,1,LT TRUCK(VAN/SPORTS UTILITY/PICKUP),03,False,,DI,05,,False,05,01,True,JEEP,GCH,CARRY-ALL,JEEP,GRAND CHEROKEE,
32658708,2,LT TRUCK(VAN/SPORTS UTILITY/PICKUP),03,False,,DI,05,05,False,13,01,True,MAZD,CX5,CARRY-ALL,MAZDA,CX-5,
32658708,3,LT TRUCK(VAN/SPORTS UTILITY/PICKUP),03,False,,DI,05,,False,13,01,True,FORD,ECP,CARRY-ALL,FORD,ESCAPE,
32788674,2,LT TRUCK(VAN/SPORTS UTILITY/PICKUP),01,False,,DI,05,,False,05,01,True,ACUR,MDX,CARRY-ALL,ACURA,MDX,
32794984,2,LT TRUCK(VAN/SPORTS UTILITY/PICKUP),03,False,,DI,05,,False,13,01,True,JEEP,RNG,CARRY-ALL,JEEP,RENEGADE,
33016788,2,LT TRUCK(VAN/SPORTS UTILITY/PICKUP),03,False,,DI,05,05,False,13,01,True,KIA,TEL,CARRY-ALL,KIA MOTORS CORPORATION,TELLURIDE,
33016788,3,LT TRUCK(VAN/SPORTS UTILITY/PICKUP),03,False,,DI,05,,False,13,01,True,TOYT,RAV,CARRY-ALL,TOYOTA,RAV4,
32776771,1,LT TRUCK(VAN/SPORTS UTILITY/PICKUP),01,False,,DI,05,,False,05,01,True,KIA,SOR,CARRY-ALL,KIA MOTORS CORPORATION,SORENTO,
32776771,2,LT TRUCK(VAN/SPORTS UTILITY/PICKUP),01,False,,DI,05,,False,16,01,True,RAM,150,CARRY-ALL,RAM,1500,
32750312,1,LT TRUCK(VAN/SPORTS UTILITY/PICKUP),01,False,,DI,05,,False,05,01,True,HOND,CRV,CARRY-ALL,HONDA,CR-V,
33035547,1,EMERGENCY VEHICLE-NON RESPONSE,03,False,,DI,05,,False,02,01,True,FORD,EPD,CARRY-ALL,FORD,EXPEDITION,
32846883,2,EMERGENCY VEHICLE-NON RESPONSE,01,False,,DI,05,,False,16,01,True,FORD,XPL,CARRY-ALL,FORD,EXPLORER,
33412232,2,LT TRUCK(VAN/SPORTS UTILITY/PICKUP),02,False,,DI,05,05,False,16,01,True,NISS,PTH,CARRY-ALL,NISSAN,PATHFINDER,
33416164,1,LT TRUCK(VAN/SPORTS UTILITY/PICKUP),01,False,,DI,05,,False,05,01,True,CHEV,EQX,CARRY-ALL,CHEVROLET,EQUINOX,
33416164,2,LT TRUCK(VAN/SPORTS UTILITY/PICKUP),01,False,,DI,05,,False,05,01,True,CHEV,EQX,CARRY-ALL,CHEVROLET,EQUINOX,
33421772,1,LT TRUCK(VAN/SPORTS UTILITY/PICKUP),01,False,,DI,08,,False,05,01,True,KIA,,CARRY-ALL,KIA MOTORS CORPORATION,SPO,
33429757,1,LT TRUCK(VAN/SPORTS UTILITY/PICKUP),01,False,,DI,05,,False,05,01,True,JEEP,WRG,CARRY-ALL,JEEP,WRANGLER,
33429757,2,LT TRUCK(VAN/SPORTS UTILITY/PICKUP),01,False,,DI,05,,False,13,01,True,FORD,ECP,CARRY-ALL,FORD,ESCAPE,
33414234,1,LT TRUCK(VAN/SPORTS UTILITY/PICKUP),03,False,,DI,05,,False,05,01,True,TOYT,RAV,CARRY-ALL,TOYOTA,RAV4,
33404536,2,LT TRUCK(VAN/SPORTS UTILITY/PICKUP),03,False,,DI,05,05,False,13,01,True,KIA,SOL,CARRY-ALL,KIA MOTORS CORPORATION,SOUL,
33407792,1,LT TRUCK(VAN/SPORTS UTILITY/PICKUP),03,False,,DI,05,,False,15,01,True,TOYT,RAV,CARRY-ALL,TOYOTA,RAV4,
33416164,4,LT TRUCK(VAN/SPORTS UTILITY/PICKUP),01,False,,DI,05,,False,05,01,True,LINC,MKX,CARRY-ALL,LINCOLN,MKX,
33416574,2,LT TRUCK(VAN/SPORTS UTILITY/PICKUP),03,False,,DI,05,,False,05,06,True,JEEP,GCH,CARRY-ALL,JEEP,GRAND CHEROKEE,
33408066,2,LT TRUCK(VAN/SPORTS UTILITY/PICKUP),03,False,,DI,05,,False,16,01,True,NISS,RGE,CARRY-ALL,NISSAN,ROGUE/ROGUE SELECT,
33408674,2,LT TRUCK(VAN/SPORTS UTILITY/PICKUP),03,False,,DI,05,,False,16,01,True,CHEV,TRV,CARRY-ALL,CHEVROLET,TRAVERSE,
33409642,2,LT TRUCK(VAN/SPORTS UTILITY/PICKUP),03,False,,DI,05,,False,07,01,True,HOND,PLT,CARRY-ALL,HONDA,PILOT,
33411262,4,LT TRUCK(VAN/SPORTS UTILITY/PICKUP),01,False,,DI,05,,False,05,01,True,KIA,SPT,CARRY-ALL,KIA MOTORS CORPORATION,SPORTAGE,
33393260,1,LT TRUCK(VAN/SPORTS UTILITY/PICKUP),03,False,,DI,05,,False,05,01,True,HOND,CRV,CARRY-ALL,HONDA,CR-V,
33394938,1,LT TRUCK(VAN/SPORTS UTILITY/PICKUP),,False,,UN,05,,False,05,,False,INFI,QX6,CARRY-ALL,INFINITI,QX60,
33370493,1,LT TRUCK(VAN/SPORTS UTILITY/PICKUP),01,False,,DI,05,,False,02,01,True,MERZ,GK3,CARRY-ALL,MERCEDES-BENZ,GLK 350,
33371824,1,LT TRUCK(VAN/SPORTS UTILITY/PICKUP),01,False,,DI,05,,False,07,01,True,CHEV,EQX,CARRY-ALL,CHEVROLET,EQUINOX,
33347562,2,LT TRUCK(VAN/SPORTS UTILITY/PICKUP),03,False,,DI,05,,False,05,01,True,FORD,ECP,CARRY-ALL,FORD,ESCAPE,
33366828,1,LT TRUCK(VAN/SPORTS UTILITY/PICKUP),01,False,,DI,05,,False,05,01,True,CADI,ESC,CARRY-ALL,CADILLAC,ESCALADE,
33366828,2,LT TRUCK(VAN/SPORTS UTILITY/PICKUP),01,False,,DI,05,,False,10,01,True,GMC,YUK,CARRY-ALL,GENERAL MOTORS CORP,YUKON,
33377869,1,LT TRUCK(VAN/SPORTS UTILITY/PICKUP),02,False,,DI,05,,False,05,01,True,KIA,SOL,CARRY-ALL,KIA MOTORS CORPORATION,SOUL,
33377869,2,LT TRUCK(VAN/SPORTS UTILITY/PICKUP),02,False,,DI,05,,False,05,01,True,LEXS,R35,CARRY-ALL,LEXUS,RX350,
33362668,2,LT TRUCK(VAN/SPORTS UTILITY/PICKUP),02,False,,DI,05,05,False,16,01,True,BMW,X6,CARRY-ALL,BMW,X6 SERIES,
33362668,3,LT TRUCK(VAN/SPORTS UTILITY/PICKUP),02,False,,DI,05,,False,16,01,True,FORD,ECP,CARRY-ALL,FORD,ESCAPE,
33341355,3,LT TRUCK(VAN/SPORTS UTILITY/PICKUP),03,False,,DI,33,,False,05,01,True,CHEV,EQX,CARRY-ALL,CHEVROLET,EQUINOX,
33362002,2,LT TRUCK(VAN/SPORTS UTILITY/PICKUP),03,False,,DI,05,,False,13,01,True,NISS,RGE,CARRY-ALL,NISSAN,ROGUE/ROGUE SELECT,
33362676,2,LT TRUCK(VAN/SPORTS UTILITY/PICKUP),01,False,,DI,05,,False,05,01,True,FORD,XPL,CARRY-ALL,FORD,EXPLORER,
33362949,2,LT TRUCK(VAN/SPORTS UTILITY/PICKUP),01,False,,DI,05,,False,13,01,True,HYUN,SFE,CARRY-ALL,HYUNDAI,SANTA FE,
33372156,2,LT TRUCK(VAN/SPORTS UTILITY/PICKUP),03,False,,DI,05,,False,13,01,True,NISS,RGE,CARRY-ALL,NISSAN,ROGUE/ROGUE SELECT,
33378002,2,LT TRUCK(VAN/SPORTS UTILITY/PICKUP),01,False,,DI,05,,False,05,01,True,CHEV,TAH,CARRY-ALL,CHEVROLET,TAHOE,
33381982,2,LT TRUCK(VAN/SPORTS UTILITY/PICKUP),03,False,,DI,05,,False,08,01,True,TOYT,HGH,CARRY-ALL,TOYOTA,HIGHLANDER,
33379088,2,LT TRUCK(VAN/SPORTS UTILITY/PICKUP),01,False,,DI,05,,False,13,01,True,TOYT,RAV,CARRY-ALL,TOYOTA,RAV4,
33387354,2,LT TRUCK(VAN/SPORTS UTILITY/PICKUP),01,False,,DI,05,,False,13,01,True,TOYT,HGH,CARRY-ALL,TOYOTA,HIGHLANDER,
33392712,2,LT TRUCK(VAN/SPORTS UTILITY/PICKUP),01,False,,DI,05,,False,05,01,True,CHEV,EQX,CARRY-ALL,CHEVROLET,EQUINOX,
33333953,2,LT TRUCK(VAN/SPORTS UTILITY/PICKUP),03,False,,DI,05,,False,05,01,True,JEEP,WRG,CARRY-ALL,JEEP,WRANGLER,
33317652,1,LT TRUCK(VAN/SPORTS UTILITY/PICKUP),03,False,,DI,05,,False,05,01,True,CHEV,EQX,CARRY-ALL,CHEVROLET,EQUINOX,
33318128,1,LT TRUCK(VAN/SPORTS UTILITY/PICKUP),01,False,,DI,05,,False,05,01,True,TOYT,RAV,CARRY-ALL,TOYOTA,RAV4,
33313999,1,LT TRUCK(VAN/SPORTS UTILITY/PICKUP),01,False,,DI,05,,False,05,01,True,JEEP,WRG,CARRY-ALL,JEEP,WRANGLER,
33433119,1,LT TRUCK(VAN/SPORTS UTILITY/PICKUP),03,False,,DI,05,,False,05,01,True,NISS,RGE,CARRY-ALL,NISSAN,ROGUE/ROGUE SELECT,
33433119,2,LT TRUCK(VAN/SPORTS UTILITY/PICKUP),03,False,,DI,05,05,False,16,01,True,FORD,ECP,CARRY-ALL,FORD,ESCAPE,
33433119,3,LT TRUCK(VAN/SPORTS UTILITY/PICKUP),03,False,,DI,05,,False,16,01,True,HOND,ODY,CARRY-ALL,HONDA,ODYSSEY,
33339150,2,LT TRUCK(VAN/SPORTS UTILITY/PICKUP),01,False,,DI,05,,False,05,01,True,AUDI,SQ5,CARRY-ALL,AUDI,SQ5,
33346793,2,LT TRUCK(VAN/SPORTS UTILITY/PICKUP),01,False,,DI,05,,False,05,01,True,JEEP,WRG,CARRY-ALL,JEEP,WRANGLER,
33342985,2,LT TRUCK(VAN/SPORTS UTILITY/PICKUP),03,False,,DI,05,,False,05,01,True,MAZD,CX5,CARRY-ALL,MAZDA,CX-5,
33336342,2,LT TRUCK(VAN/SPORTS UTILITY/PICKUP),01,False,,DI,05,,False,13,01,True,TOYT,RAV,CARRY-ALL,TOYOTA,RAV4,
33336579,2,LT TRUCK(VAN/SPORTS UTILITY/PICKUP),01,False,,DI,05,,False,05,01,True,HOND,CRV,CARRY-ALL,HONDA,CR-V,
33351856,1,LT TRUCK(VAN/SPORTS UTILITY/PICKUP),03,False,,DI,47,,False,10,01,True,MITS,OUT,CARRY-ALL,MITSUBISHI,OUTLANDER,
33352955,1,LT TRUCK(VAN/SPORTS UTILITY/PICKUP),02,False,,DI,05,,False,05,01,True,DODG,DUR,CARRY-ALL,DODGE,DURANGO,
33343006,2,LT TRUCK(VAN/SPORTS UTILITY/PICKUP),02,False,,DI,05,,False,05,01,True,GMC,ACA,CARRY-ALL,GENERAL MOTORS CORP,ACADIA,
33344240,2,LT TRUCK(VAN/SPORTS UTILITY/PICKUP),03,False,,DI,05,,False,16,01,True,NISS,RGE,CARRY-ALL,NISSAN,ROGUE/ROGUE SELECT,
33276561,2,LT TRUCK(VAN/SPORTS UTILITY/PICKUP),03,False,,DI,05,,False,16,98,True,CHEV,TAH,CARRY-ALL,CHEVROLET,TAHOE,
33277414,1,LT TRUCK(VAN/SPORTS UTILITY/PICKUP),02,False,,DI,05,,False,03,01,True,HYUN,PAL,CARRY-ALL,HYUNDAI,PALISADE,
33307880,2,LT TRUCK(VAN/SPORTS UTILITY/PICKUP),03,False,,DI,05,,False,05,01,True,TOYT,HGH,CARRY-ALL,TOYOTA,HIGHLANDER,
33311745,1,LT TRUCK(VAN/SPORTS UTILITY/PICKUP),01,False,,DI,05,,False,05,01,True,JEEP,GCH,CARRY-ALL,JEEP,GRAND CHEROKEE,
33311745,2,LT TRUCK(VAN/SPORTS UTILITY/PICKUP),01,False,,DI,05,,False,13,01,True,CHEV,TRV,CARRY-ALL,CHEVROLET,TRAVERSE,
33119804,2,LT TRUCK(VAN/SPORTS UTILITY/PICKUP),01,False,,DI,05,,False,05,98,True,FORD,XPL,CARRY-ALL,FORD,EXPLORER,
33172205,1,LT TRUCK(VAN/SPORTS UTILITY/PICKUP),01,False,,DI,05,,False,05,01,True,CHEV,TRV,CARRY-ALL,CHEVROLET,TRAVERSE,
33062789,1,LT TRUCK(VAN/SPORTS UTILITY/PICKUP),01,False,,DI,05,,False,05,01,True,JEP,,CARRY-ALL,JEEP,CHEROKEE,
33062789,2,LT TRUCK(VAN/SPORTS UTILITY/PICKUP),01,False,,DI,05,,False,05,01,True,BUIC,ENV,CARRY-ALL,BUICK,ENVISION,
33175521,2,LT TRUCK(VAN/SPORTS UTILITY/PICKUP),02,False,,DI,05,,False,10,01,True,FORD,TRN,CARRY-ALL,FORD,TRANSIT,
33176819,1,LT TRUCK(VAN/SPORTS UTILITY/PICKUP),02,False,,DI,05,,False,03,01,True,GMC,YUK,CARRY-ALL,GENERAL MOTORS CORP,YUKON,
33176819,2,LT TRUCK(VAN/SPORTS UTILITY/PICKUP),02,False,,DI,05,,False,05,01,True,INFI,QX6,CARRY-ALL,INFINITI,QX60,
33252437,2,LT TRUCK(VAN/SPORTS UTILITY/PICKUP),01,False,,DI,05,,False,05,01,True,FORD,FSY,CARRY-ALL,FORD,FREESTYLE,
33187951,1,LT TRUCK(VAN/SPORTS UTILITY/PICKUP),01,False,,DI,05,,False,05,01,True,JEEP,GCH,CARRY-ALL,JEEP,GRAND CHEROKEE,
33198099,1,LT TRUCK(VAN/SPORTS UTILITY/PICKUP),01,False,,DI,05,,False,15,01,True,GMC,ACA,CARRY-ALL,GENERAL MOTORS CORP,ACADIA,
33198099,2,LT TRUCK(VAN/SPORTS UTILITY/PICKUP),01,False,,DI,05,,False,16,01,True,JEEP,PAT,CARRY-ALL,JEEP,PATRIOT,
33181983,1,LT TRUCK(VAN/SPORTS UTILITY/PICKUP),02,False,,DI,05,,False,05,01,True,CHEV,EQX,CARRY-ALL,CHEVROLET,EQUINOX,
33187400,2,LT TRUCK(VAN/SPORTS UTILITY/PICKUP),01,False,,DI,05,,False,13,01,True,TOYT,RAV,CARRY-ALL,TOYOTA,RAV4,
33248467,2,LT TRUCK(VAN/SPORTS UTILITY/PICKUP),03,False,,DI,05,,False,05,01,True,TOYT,4RN,CARRY-ALL,TOYOTA,4RUNNER,
33248487,2,LT TRUCK(VAN/SPORTS UTILITY/PICKUP),01,False,,DI,05,,False,05,01,True,FORD,XPL,CARRY-ALL,FORD,EXPLORER,
33248490,1,LT TRUCK(VAN/SPORTS UTILITY/PICKUP),01,False,,DI,05,,False,05,01,True,HOND,CRV,CARRY-ALL,HONDA,CR-V,
33292872,2,LT TRUCK(VAN/SPORTS UTILITY/PICKUP),01,False,,DI,05,,False,05,01,True,MAZD,CX9,CARRY-ALL,MAZDA,MAZDA CX-9,
33296594,1,LT TRUCK(VAN/SPORTS UTILITY/PICKUP),01,False,,DI,41,05,False,05,01,True,CHEV,EQX,CARRY-ALL,CHEVROLET,EQUINOX,
33277416,1,LT TRUCK(VAN/SPORTS UTILITY/PICKUP),02,False,,DI,05,,False,03,01,True,NISS,RGE,CARRY-ALL,NISSAN,ROGUE/ROGUE SELECT,
33277416,2,LT TRUCK(VAN/SPORTS UTILITY/PICKUP),02,False,,DI,05,,False,05,01,True,FORD,ECP,CARRY-ALL,FORD,ESCAPE,
33277448,1,LT TRUCK(VAN/SPORTS UTILITY/PICKUP),03,False,,DI,05,,False,05,01,True,FORD,ECP,CARRY-ALL,FORD,ESCAPE,
33277448,2,LT TRUCK(VAN/SPORTS UTILITY/PICKUP),02,False,,DI,05,,False,13,01,True,TOYT,HGH,CARRY-ALL,TOYOTA,HIGHLANDER,
33292045,2,LT TRUCK(VAN/SPORTS UTILITY/PICKUP),03,False,,DI,05,,False,13,01,True,HYUN,SFE,CARRY-ALL,HYUNDAI,SANTA FE,
33141702,1,LT TRUCK(VAN/SPORTS UTILITY/PICKUP),03,False,,DI,05,,False,03,01,True,KIA,,CARRY-ALL,KIA MOTORS CORPORATION,TE,
33139820,1,LT TRUCK(VAN/SPORTS UTILITY/PICKUP),01,False,,DI,05,,False,03,01,True,CHEV,EQX,CARRY-ALL,CHEVROLET,EQUINOX,
33261660,3,LT TRUCK(VAN/SPORTS UTILITY/PICKUP),01,False,,DI,05,,False,13,01,False,LEXS,NX3,CARRY-ALL,LEXUS,NX 300/NX 300H,
33261660,4,LT TRUCK(VAN/SPORTS UTILITY/PICKUP),01,False,,DI,05,,False,13,01,True,TOYT,RLT,CARRY-ALL,TOYOTA,RAV4 LIMITED,
33255011,1,LT TRUCK(VAN/SPORTS UTILITY/PICKUP),03,False,,DI,41,,False,05,01,True,KIA,SOR,CARRY-ALL,KIA MOTORS CORPORATION,SORENTO,
33264897,1,LT TRUCK(VAN/SPORTS UTILITY/PICKUP),01,False,,DI,05,,False,13,01,True,CHEV,TRX,CARRY-ALL,CHEVROLET,TRAX,
33264897,2,LT TRUCK(VAN/SPORTS UTILITY/PICKUP),01,False,,DI,05,,False,13,01,True,NISS,JUK,CARRY-ALL,NISSAN,JUKE JUKE NISMO JUKE NISMO RS,
33232484,1,LT TRUCK(VAN/SPORTS UTILITY/PICKUP),01,False,,DI,05,,False,08,02,True,GMC,YUK,CARRY-ALL,GENERAL MOTORS CORP,YUKON,
33208053,1,LT TRUCK(VAN/SPORTS UTILITY/PICKUP),03,False,,DI,05,05,False,13,01,True,GMC,TRN,CARRY-ALL,GENERAL MOTORS CORP,TERRAIN,
33208053,2,LT TRUCK(VAN/SPORTS UTILITY/PICKUP),03,False,,DI,05,,False,13,01,True,CADI,XT5,CARRY-ALL,CADILLAC,XT5,
33208053,3,LT TRUCK(VAN/SPORTS UTILITY/PICKUP),03,False,,DI,41,05,False,03,01,True,HOND,CRV,CARRY-ALL,HONDA,CR-V,
33210717,1,LT TRUCK(VAN/SPORTS UTILITY/PICKUP),03,False,,DI,05,,False,07,01,True,HYUN,TCN,CARRY-ALL,HYUNDAI,TUCSON,
33242471,1,LT TRUCK(VAN/SPORTS UTILITY/PICKUP),03,False,,DI,05,,False,05,01,True,CHEV,TRV,CARRY-ALL,CHEVROLET,TRAVERSE,
33224249,1,LT TRUCK(VAN/SPORTS UTILITY/PICKUP),01,False,,DI,05,,False,05,01,True,CADI,XT5,CARRY-ALL,CADILLAC,XT5,
33241492,2,LT TRUCK(VAN/SPORTS UTILITY/PICKUP),01,False,,DI,05,,False,05,01,True,GMC,ACA,CARRY-ALL,GENERAL MOTORS CORP,ACADIA,
33104830,2,LT TRUCK(VAN/SPORTS UTILITY/PICKUP),03,False,,DI,05,,False,16,01,True,INFI,QX8,CARRY-ALL,INFINITI,QX80,
33231013,1,LT TRUCK(VAN/SPORTS UTILITY/PICKUP),03,False,,DI,05,,False,05,01,True,HOND,HRV,CARRY-ALL,HONDA,HR-V,
33231013,2,LT TRUCK(VAN/SPORTS UTILITY/PICKUP),03,False,,DI,05,05,False,13,01,True,CHEV,EQX,CARRY-ALL,CHEVROLET,EQUINOX,
33187324,1,PASSENGER CAR,01,False,,DI,05,,False,05,01,True,CHEV,TRV,CARRY-ALL,CHEVROLET,TRAVERSE,
32972126,2,PASSENGER CAR,03,False,,DI,05,,False,13,01,True,TOYT,RAV,CARRY-ALL,TOYOTA,RAV4,
33004562,1,PASSENGER CAR,03,False,,DI,05,,False,05,01,True,HYUN,TCN,CARRY-ALL,HYUNDAI,TUCSON,
32998037,2,PASSENGER CAR,01,False,,DI,05,,False,05,01,True,KIA,SOL,CARRY-ALL,KIA MOTORS CORPORATION,SOUL,
32998037,3,PASSENGER CAR,01,False,,DI,05,,False,05,01,True,MITS,OUT,CARRY-ALL,MITSUBISHI,OUTLANDER,
33005638,1,PASSENGER CAR,01,False,,DI,39,,False,01,01,True,CHEV,SUB,CARRY-ALL,CHEVROLET,SUBURBAN,
32733964,2,PASSENGER CAR,03,False,,DI,05,,False,13,01,True,KIA,SOR,CARRY-ALL,KIA MOTORS CORPORATION,SORENTO,
32750402,1,PASSENGER CAR,03,False,,DI,05,,False,05,01,True,LEXS,,CARRY-ALL,LEXUS,,
33220901,2,PASSENGER CAR,01,False,,DI,05,,False,05,01,True,FORD,ECP,CARRY-ALL,FORD,ESCAPE,
33268027,2,PASSENGER CAR,03,False,,DI,05,,False,16,01,True,CHEV,TRX,CARRY-ALL,CHEVROLET,TRAX,
33109540,1,PASSENGER CAR,01,False,,DI,05,,False,05,01,True,LINC,MKX,CARRY-ALL,LINCOLN,MKX,
33187404,2,PASSENGER CAR,01,False,,DI,05,,False,05,01,True,DODG,JNY,CARRY-ALL,DODGE,JOURNEY,
33117691,2,PASSENGER CAR,01,False,,DI,05,,False,05,01,True,CHEV,TBZ,CARRY-ALL,CHEVROLET,TRAILBLAZER,
33242443,1,PASSENGER CAR,03,False,,DI,05,,False,05,01,True,SUBA,FOR,CARRY-ALL,SUBARU,FORESTER,
33411262,3,TRUCK-SINGLE UNIT,02,True,,DL,05,,False,12,01,True,ISU,NPR,CARRY-ALL,ISUZU,NPR/NPR-HD/NPR-XD,
33421367,1,TRUCK & TRAILER,01,False,,DI,05,,False,05,01,True,FORD,,CARRY-ALL,FORD,F25,
33421270,1,TRUCK & TRAILER,01,False,,DI,05,,False,03,01,True,CHEV,SUB,CARRY-ALL,CHEVROLET,SUBURBAN,
33149460,1,PASSENGER CAR & TRAILER,01,False,,DI,05,,False,05,01,True,CADI,ESC,CARRY-ALL,CADILLAC,ESCALADE,
33197510,1,TRUCK & TRAILER,03,False,,DI,05,,False,03,01,True,NISS,TTN,CARRY-ALL,NISSAN,TITAN,
33420201,2,PASSENGER CAR,01,False,,DI,05,,False,13,01,True,JEEP,CMP,CARRY-ALL,JEEP,COMPASS,
33346749,1,PASSENGER CAR & TRAILER,01,False,,DI,13,,False,05,01,True,JEEP,WRG,CARRY-ALL,JEEP,WRANGLER,
32964686,2,PASSENGER CAR,01,False,,DI,05,,False,12,01,True,TOYT,RAV,CARRY-ALL,TOYOTA,RAV4,
33378705,2,PASSENGER CAR,03,False,,DI,05,,False,16,01,True,TOYT,RAV,CARRY-ALL,TOYOTA,RAV4,
33368668,1,MOTORCYCLE,03,False,,DI,08,,False,05,01,True,HD,FXL,MOTORCYCLE,HARLEY-DAVIDSON,FXL SERIES,
33141702,2,MOTOR HOME/RECREATIONAL VEHICLE,03,False,,DI,05,,False,05,01,True,WINN,MH,MOTORIZED HOME,WINNEBAGO INDUSTRIES INC.,MOTOR HOME,
32863012,3,LT TRUCK(VAN/SPORTS UTILITY/PICKUP),03,False,,DI,05,,False,13,01,True,BUIC,ENV,MULTI-WHEEL,BUICK,ENVISION,
33241492,1,FARM TRACTOR &/OR FARM EQUIPMENT,03,False,,DI,05,,False,02,01,True,CAT,,OTHER,CATERPILLAR,IT28,
33149395,2,TRUCK-SINGLE UNIT,01,False,,DI,05,,False,13,01,True,HINO,238,OTHER,HINO,238,
33412231,1,PASSENGER CAR,01,False,,DI,05,,False,05,01,True,TESL,T3,PASSENGER CAR,TESLA MOTORS,MODEL 3,
32933584,3,PASSENGER CAR,01,False,,UN,05,,False,98,01,,CHEV,MAL,PASSENGER CAR,CHEVROLET,MALIBU,
33394247,1,PASSENGER CAR,01,False,,DI,05,,False,07,01,True,KIA,SPT,PASSENGER CAR,KIA MOTORS CORPORATION,SPORTAGE,
33414188,1,PASSENGER CAR,01,False,,DI,05,,False,05,01,True,HYUN,SON,PASSENGER CAR,HYUNDAI,SONATA,
33421367,2,PASSENGER CAR,01,False,,DI,05,,False,13,01,True,HOND,ACC,PASSENGER CAR,HONDA,ACCORD,
32906874,2,PASSENGER CAR,03,False,,DI,05,,False,05,01,True,HYUN,SON,PASSENGER CAR,HYUNDAI,SONATA,
33314909,2,PASSENGER CAR,02,False,,DI,05,05,False,13,01,True,SUBA,LEG,PASSENGER CAR,SUBARU,LEGACY,
33414188,2,LT TRUCK(VAN/SPORTS UTILITY/PICKUP),01,False,,DI,05,,False,13,01,True,HYUN,PAL,PASSENGER CAR,HYUNDAI,PALISADE,
33348537,1,HIT & RUN/UNKNOWN,,False,,UN,05,,False,98,01,,,,PASSENGER CAR,,,
33139820,2,PASSENGER CAR,01,False,,DI,05,,False,05,01,True,HOND,CIV,PASSENGER CAR,HONDA,CIVIC,
33154418,3,PASSENGER CAR,01,False,,DI,05,,False,05,01,True,HYUN,,PASSENGER CAR,HYUNDAI,EL,
33122922,2,LT TRUCK(VAN/SPORTS UTILITY/PICKUP),03,False,,DI,05,,False,13,01,True,TOYT,HGH,PASSENGER CAR,TOYOTA,HIGHLANDER,
33225595,2,PASSENGER CAR,03,False,,DI,05,,False,05,01,True,INFI,Q50,PASSENGER CAR,INFINITI,Q50,
33211051,1,PASSENGER CAR,01,False,,DI,05,,False,05,01,True,NISS,,PASSENGER CAR,NISSAN,AL,
33211051,2,PASSENGER CAR,01,False,,DI,05,,False,13,01,False,CHEV,,PASSENGER CAR,CHEVROLET,MAL,
32846883,1,PASSENGER CAR,01,False,,DI,05,,False,05,01,True,VOLV,,PASSENGER CAR,VOLVO,XC,
32757948,1,PASSENGER CAR,03,False,,DI,05,,False,10,01,True,NISS,,PASSENGER CAR,NISSAN,ALT,
32728816,1,PASSENGER CAR,01,False,,DI,20,23,False,97,01,True,NISS,MAX,PASSENGER CAR,NISSAN,MAXIMA,
33004289,2,PASSENGER CAR,03,False,,DI,05,,False,13,01,True,CHEV,MAL,PASSENGER CAR,CHEVROLET,MALIBU,
33051932,1,PASSENGER CAR,01,False,,DI,16,,False,05,01,True,FORD,,PASSENGER CAR,FORD,MUST,
32857830,2,PASSENGER CAR,03,False,,DI,05,,False,13,01,True,FORD,F15,PICKUP,FORD,F150 SERIES,
32857830,3,PASSENGER CAR,03,False,,DI,05,,False,03,01,True,FORD,F15,PICKUP,FORD,F150 SERIES,
33203153,2,PASSENGER CAR,03,False,,DI,47,,False,05,01,True,RAM,150,PICKUP,RAM,1500,
33219668,2,PASSENGER CAR,02,False,,DI,05,,False,16,01,True,FORD,F15,PICKUP,FORD,F150 SERIES,
33123381,1,LT TRUCK(VAN/SPORTS UTILITY/PICKUP),01,False,,DI,05,,False,03,01,True,FORD,F15,PICKUP,FORD,F150 SERIES,
33128977,1,LT TRUCK(VAN/SPORTS UTILITY/PICKUP),02,False,,DI,06,,False,05,01,True,RAM,150,PICKUP,RAM,1500,
33119944,1,LT TRUCK(VAN/SPORTS UTILITY/PICKUP),03,False,,DI,05,,False,05,01,True,FORD,F15,PICKUP,FORD,F150 SERIES,
33119944,2,LT TRUCK(VAN/SPORTS UTILITY/PICKUP),03,False,,DI,05,,False,10,01,True,CHEV,AVA,PICKUP,CHEVROLET,AVALANCHE,
33312486,2,LT TRUCK(VAN/SPORTS UTILITY/PICKUP),03,False,04,DI,05,51,False,16,01,True,CHEV,4CC,PICKUP,CHEVROLET,2 DOOR CONVENTIONAL CAB 4X4,
33277414,2,LT TRUCK(VAN/SPORTS UTILITY/PICKUP),02,False,,DI,05,,False,05,01,True,GMC,SRA,PICKUP,GENERAL MOTORS CORP,SIERRA,
33184376,1,LT TRUCK(VAN/SPORTS UTILITY/PICKUP),01,False,,DI,05,,False,05,01,True,DODG,,PICKUP,DODGE,RAM2500,
33057218,1,LT TRUCK(VAN/SPORTS UTILITY/PICKUP),01,False,,DI,05,,False,05,01,True,FORD,F15,PICKUP,FORD,F150 SERIES,
33173603,1,LT TRUCK(VAN/SPORTS UTILITY/PICKUP),01,False,,DI,05,,False,05,98,True,DODG,R25,PICKUP,DODGE,RAM 2500 PU,
33172205,2,LT TRUCK(VAN/SPORTS UTILITY/PICKUP),02,False,,DI,05,,False,13,01,True,DODG,DAK,PICKUP,DODGE,DAKOTA,
33172261,1,LT TRUCK(VAN/SPORTS UTILITY/PICKUP),02,False,,DI,05,,False,03,01,True,CHEV,SLV,PICKUP,CHEVROLET,SILVERADO,
33173079,1,LT TRUCK(VAN/SPORTS UTILITY/PICKUP),03,False,,DI,05,,False,10,01,True,TOYT,TAC,PICKUP,TOYOTA,TACOMA,
33173079,2,LT TRUCK(VAN/SPORTS UTILITY/PICKUP),03,False,,DI,05,,False,05,01,True,CHEV,SLV,PICKUP,CHEVROLET,SILVERADO,
33119026,2,LT TRUCK(VAN/SPORTS UTILITY/PICKUP),01,False,,DL,05,,False,12,01,True,FORD,F15,PICKUP,FORD,F150 SERIES,
33119166,1,LT TRUCK(VAN/SPORTS UTILITY/PICKUP),01,False,,DI,05,,False,03,01,True,CHEV,SLV,PICKUP,CHEVROLET,SILVERADO,
33119804,1,LT TRUCK(VAN/SPORTS UTILITY/PICKUP),01,False,,DI,05,,False,10,98,True,FORD,RNG,PICKUP,FORD,RANGER,
33274678,2,LT TRUCK(VAN/SPORTS UTILITY/PICKUP),01,False,,DI,05,,False,16,01,True,NISS,FRT,PICKUP,NISSAN,FRONTIER,
33292054,1,LT TRUCK(VAN/SPORTS UTILITY/PICKUP),03,False,,DI,05,,False,05,01,True,FORD,F15,PICKUP,FORD,F150 SERIES,
33296594,2,LT TRUCK(VAN/SPORTS UTILITY/PICKUP),01,False,,DI,05,,False,05,01,True,FORD,F25,PICKUP,FORD,F250 SERIES,
33248467,4,LT TRUCK(VAN/SPORTS UTILITY/PICKUP),03,False,,DI,05,,False,16,01,True,CHEV,SLV,PICKUP,CHEVROLET,SILVERADO,
33248487,1,LT TRUCK(VAN/SPORTS UTILITY/PICKUP),01,False,,DI,05,,False,05,01,True,NISS,TTN,PICKUP,NISSAN,TITAN,
33191749,1,LT TRUCK(VAN/SPORTS UTILITY/PICKUP),01,False,,DI,05,,False,05,01,True,TOYT,TUN,PICKUP,TOYOTA,TUNDRA,
33087003,2,PASSENGER CAR,03,False,,DI,05,,False,13,01,True,RAM,150,PICKUP,RAM,1500,
33231943,2,LT TRUCK(VAN/SPORTS UTILITY/PICKUP),03,False,,DI,05,,False,16,01,True,CHEV,SLV,PICKUP,CHEVROLET,SILVERADO,
33224249,2,LT TRUCK(VAN/SPORTS UTILITY/PICKUP),01,False,,DI,05,,False,16,01,True,FORD,F15,PICKUP,FORD,F150 SERIES,
33236325,1,LT TRUCK(VAN/SPORTS UTILITY/PICKUP),01,False,,DI,46,,False,13,01,True,FORD,F15,PICKUP,FORD,F150 SERIES,
33226547,1,LT TRUCK(VAN/SPORTS UTILITY/PICKUP),03,False,,DI,05,,False,03,01,True,CHEV,SLV,PICKUP,CHEVROLET,SILVERADO,
33232378,1,LT TRUCK(VAN/SPORTS UTILITY/PICKUP),03,False,,DI,05,,False,02,98,True,GMC,SRA,PICKUP,GENERAL MOTORS CORP,SIERRA,
33251442,3,LT TRUCK(VAN/SPORTS UTILITY/PICKUP),02,False,,DI,05,,False,13,01,True,TOYT,TAC,PICKUP,TOYOTA,TACOMA,
33251442,1,LT TRUCK(VAN/SPORTS UTILITY/PICKUP),02,False,,DI,05,,False,05,01,True,FORD,F15,PICKUP,FORD,F150 SERIES,
33216198,1,LT TRUCK(VAN/SPORTS UTILITY/PICKUP),02,False,,DI,05,,False,03,01,True,NISS,TTN,PICKUP,NISSAN,TITAN,
33192321,1,LT TRUCK(VAN/SPORTS UTILITY/PICKUP),03,False,,DI,05,,False,97,01,True,DODG,,PICKUP,DODGE,RAM,
33192321,2,LT TRUCK(VAN/SPORTS UTILITY/PICKUP),03,False,,DI,05,,False,05,01,True,RAM,250,PICKUP,RAM,2500,
33314909,1,HIT & RUN/UNKNOWN,02,False,,DI,05,,False,05,01,True,NISS,TTN,PICKUP,NISSAN,TITAN,
33416164,3,LT TRUCK(VAN/SPORTS UTILITY/PICKUP),01,False,,DI,05,,False,05,01,True,FORD,F15,PICKUP,FORD,F150 SERIES,
33411262,7,LT TRUCK(VAN/SPORTS UTILITY/PICKUP),03,False,,DL,05,,False,12,01,True,CHEV,SLV,PICKUP,CHEVROLET,SILVERADO,
33122703,1,HIT & RUN/UNKNOWN,03,False,,UN,05,,False,98,01,False,,,PICKUP,,,
33421270,2,LT TRUCK(VAN/SPORTS UTILITY/PICKUP),01,False,,DI,05,,False,05,01,True,CHEV,SLV,PICKUP,CHEVROLET,SILVERADO,
33400800,2,LT TRUCK(VAN/SPORTS UTILITY/PICKUP),03,False,,DI,05,,False,05,01,True,FORD,F15,PICKUP,FORD,F150 SERIES,
33429942,2,LT TRUCK(VAN/SPORTS UTILITY/PICKUP),03,False,,DI,05,,False,05,01,True,FORD,F15,PICKUP,FORD,F150 SERIES,
33426246,2,LT TRUCK(VAN/SPORTS UTILITY/PICKUP),01,False,,DI,05,,False,16,01,True,CHEV,SLV,PICKUP,CHEVROLET,SILVERADO,
33427757,1,LT TRUCK(VAN/SPORTS UTILITY/PICKUP),03,False,,DI,47,,False,10,01,True,CHEV,SLV,PICKUP,CHEVROLET,SILVERADO,
33424176,1,LT TRUCK(VAN/SPORTS UTILITY/PICKUP),01,False,,DI,05,,False,05,01,True,RAM,150,PICKUP,RAM,1500,
33424176,3,LT TRUCK(VAN/SPORTS UTILITY/PICKUP),01,False,,DI,05,,False,05,01,True,NISS,FRT,PICKUP,NISSAN,FRONTIER,
33412232,1,LT TRUCK(VAN/SPORTS UTILITY/PICKUP),02,False,,DI,05,,False,05,01,True,NISS,FRT,PICKUP,NISSAN,FRONTIER,
33408363,1,LT TRUCK(VAN/SPORTS UTILITY/PICKUP),02,False,,DI,05,,False,02,01,True,RAM,150,PICKUP,RAM,1500,
33408674,1,LT TRUCK(VAN/SPORTS UTILITY/PICKUP),03,False,,DI,05,,False,05,01,True,GMC,SRA,PICKUP,GENERAL MOTORS CORP,SIERRA,
33419922,1,LT TRUCK(VAN/SPORTS UTILITY/PICKUP),01,False,,DI,05,,False,07,01,True,CHEV,CLD,PICKUP,CHEVROLET,COLORADO,
33408066,1,LT TRUCK(VAN/SPORTS UTILITY/PICKUP),03,False,,DI,05,,False,02,01,True,RAM,350,PICKUP,RAM,3500,
33397045,1,LT TRUCK(VAN/SPORTS UTILITY/PICKUP),03,True,,DI,41,,False,97,01,True,FORD,F25,PICKUP,FORD,F250 SERIES,
33411262,5,LT TRUCK(VAN/SPORTS UTILITY/PICKUP),03,False,,DI,05,46,False,12,01,True,FORD,F25,PICKUP,FORD,F250 SERIES,
33346793,1,LT TRUCK(VAN/SPORTS UTILITY/PICKUP),01,False,,DI,05,,False,05,01,True,CHEV,SLV,PICKUP,CHEVROLET,SILVERADO,
33344240,1,LT TRUCK(VAN/SPORTS UTILITY/PICKUP),03,False,,DI,05,,False,05,01,True,DODG,R15,PICKUP,DODGE,RAM 1500 PU,
33352955,2,LT TRUCK(VAN/SPORTS UTILITY/PICKUP),02,False,,DI,05,,False,13,01,True,FORD,F15,PICKUP,FORD,F150 SERIES,
33337496,1,LT TRUCK(VAN/SPORTS UTILITY/PICKUP),01,False,,DI,05,,False,13,01,True,FORD,F15,PICKUP,FORD,F150 SERIES,
33339150,1,LT TRUCK(VAN/SPORTS UTILITY/PICKUP),01,False,,DI,05,,False,03,01,True,FORD,F25,PICKUP,FORD,F250 SERIES,
33341355,2,LT TRUCK(VAN/SPORTS UTILITY/PICKUP),03,False,,DI,33,,False,05,01,True,CHEV,CLD,PICKUP,CHEVROLET,COLORADO,
33316463,1,LT TRUCK(VAN/SPORTS UTILITY/PICKUP),01,False,,DI,05,,False,08,01,True,CHEV,CLD,PICKUP,CHEVROLET,COLORADO,
33318128,2,LT TRUCK(VAN/SPORTS UTILITY/PICKUP),01,False,,DI,05,,False,13,01,True,RAM,150,PICKUP,RAM,1500,
33323212,1,LT TRUCK(VAN/SPORTS UTILITY/PICKUP),01,False,,DI,05,,False,13,01,True,CHEV,SLV,PICKUP,CHEVROLET,SILVERADO,
33324264,1,LT TRUCK(VAN/SPORTS UTILITY/PICKUP),03,False,,DI,05,,False,03,01,True,DODG,DAK,PICKUP,DODGE,DAKOTA,
33333953,1,LT TRUCK(VAN/SPORTS UTILITY/PICKUP),03,False,,DI,05,,False,05,01,True,CHEV,SLV,PICKUP,CHEVROLET,SILVERADO,
33331215,2,LT TRUCK(VAN/SPORTS UTILITY/PICKUP),03,False,,DI,05,,False,13,01,True,TOYT,TAC,PICKUP,TOYOTA,TACOMA,
33331215,3,LT TRUCK(VAN/SPORTS UTILITY/PICKUP),03,False,,DI,05,,False,05,01,True,DODG,RAM,PICKUP,DODGE,RAM PICKUP,
33411262,2,LT TRUCK(VAN/SPORTS UTILITY/PICKUP),03,False,,DI,05,05,False,16,01,True,FORD,F15,PICKUP,FORD,F150 SERIES,
33392712,4,LT TRUCK(VAN/SPORTS UTILITY/PICKUP),01,False,,DI,05,,False,13,01,True,CHEV,SLV,PICKUP,CHEVROLET,SILVERADO,
33379088,1,LT TRUCK(VAN/SPORTS UTILITY/PICKUP),01,False,,DI,05,,False,13,01,True,CHEV,SLV,PICKUP,CHEVROLET,SILVERADO,
33384635,1,LT TRUCK(VAN/SPORTS UTILITY/PICKUP),03,False,,DI,05,,False,05,01,True,CHEV,SLV,PICKUP,CHEVROLET,SILVERADO,
33382625,1,LT TRUCK(VAN/SPORTS UTILITY/PICKUP),03,False,,DI,05,,False,10,01,True,GMC,CYN,PICKUP,GENERAL MOTORS CORP,CANYON,
33363593,1,LT TRUCK(VAN/SPORTS UTILITY/PICKUP),03,False,,DI,05,,False,16,01,True,CHEV,SLV,PICKUP,CHEVROLET,SILVERADO,
33362676,1,LT TRUCK(VAN/SPORTS UTILITY/PICKUP),01,False,,DI,05,,False,05,01,True,FORD,F15,PICKUP,FORD,F150 SERIES,
33377869,3,LT TRUCK(VAN/SPORTS UTILITY/PICKUP),02,False,,DI,05,,False,13,01,True,CHEV,SLV,PICKUP,CHEVROLET,SILVERADO,
32870255,1,LT TRUCK(VAN/SPORTS UTILITY/PICKUP),03,False,,DI,05,,False,13,01,True,GMC,SRA,PICKUP,GENERAL MOTORS CORP,SIERRA,
33102943,2,LT TRUCK(VAN/SPORTS UTILITY/PICKUP),01,False,,DI,05,,False,13,02,True,DODG,RAM,PICKUP,DODGE,RAM PICKUP,
33102133,1,LT TRUCK(VAN/SPORTS UTILITY/PICKUP),03,False,,DI,05,,False,05,01,True,DODG,RAM,PICKUP,DODGE,RAM PICKUP,
33096673,1,LT TRUCK(VAN/SPORTS UTILITY/PICKUP),01,False,,DI,05,,False,05,01,True,RAM,150,PICKUP,RAM,1500,
33096673,2,LT TRUCK(VAN/SPORTS UTILITY/PICKUP),01,False,,DI,05,,False,13,01,True,CHEV,SLV,PICKUP,CHEVROLET,SILVERADO,
33087435,2,LT TRUCK(VAN/SPORTS UTILITY/PICKUP),03,False,,DI,05,,False,13,01,True,TESL,TX,PICKUP,TESLA MOTORS,MODEL X,
33097623,2,LT TRUCK(VAN/SPORTS UTILITY/PICKUP),01,False,,DI,05,,False,05,01,True,CHEV,SLV,PICKUP,CHEVROLET,SILVERADO,
33081957,2,LT TRUCK(VAN/SPORTS UTILITY/PICKUP),03,False,,DI,05,,False,05,01,True,FORD,F15,PICKUP,FORD,F150 SERIES,
33079150,2,LT TRUCK(VAN/SPORTS UTILITY/PICKUP),01,False,,DI,05,,False,05,01,True,CHEV,CC2,PICKUP,CHEVROLET,C/K 2500 CREW CAB,
32702194,1,LT TRUCK(VAN/SPORTS UTILITY/PICKUP),03,False,,DI,05,,False,05,01,True,FORD,F15,PICKUP,FORD,F150 SERIES,
32774475,8,LT TRUCK(VAN/SPORTS UTILITY/PICKUP),01,False,,DI,05,05,False,13,01,True,FORD,F15,PICKUP,FORD,F150 SERIES,
32774475,9,LT TRUCK(VAN/SPORTS UTILITY/PICKUP),01,False,,DI,05,,False,13,01,True,GMC,SRA,PICKUP,GENERAL MOTORS CORP,SIERRA,
32676655,1,LT TRUCK(VAN/SPORTS UTILITY/PICKUP),03,False,,DI,05,,False,05,01,True,CHEV,AVA,PICKUP,CHEVROLET,AVALANCHE,
32676655,2,LT TRUCK(VAN/SPORTS UTILITY/PICKUP),03,False,,DI,05,,False,05,01,True,RAM,150,PICKUP,RAM,1500,
32800875,2,LT TRUCK(VAN/SPORTS UTILITY/PICKUP),01,False,,DI,05,,False,05,01,True,FORD,F25,PICKUP,FORD,F250 SERIES,
32882819,2,LT TRUCK(VAN/SPORTS UTILITY/PICKUP),03,False,,DI,05,33,False,13,01,True,CHEV,C2E,PICKUP,CHEVROLET,CONVENTIONAL CAB 4X2 EXTENDED CAB,
32882819,3,LT TRUCK(VAN/SPORTS UTILITY/PICKUP),03,False,,DI,05,,False,13,01,True,FORD,F35,PICKUP,FORD,F350 SERIES,
32888031,2,LT TRUCK(VAN/SPORTS UTILITY/PICKUP),03,False,,DI,05,05,False,13,01,True,CHEV,C2E,PICKUP,CHEVROLET,CONVENTIONAL CAB 4X2 EXTENDED CAB,
32863012,1,LT TRUCK(VAN/SPORTS UTILITY/PICKUP),03,False,,DI,05,,False,05,01,True,DODG,DAK,PICKUP,DODGE,DAKOTA,
32857520,1,LT TRUCK(VAN/SPORTS UTILITY/PICKUP),03,False,,DI,05,,False,05,01,True,FORD,F35,PICKUP,FORD,F350 SERIES,
32892624,2,LT TRUCK(VAN/SPORTS UTILITY/PICKUP),01,False,,DL,05,,False,12,01,True,FORD,F35,PICKUP,FORD,F350 SERIES,
32852417,1,LT TRUCK(VAN/SPORTS UTILITY/PICKUP),01,False,,DI,05,,False,05,01,True,NISS,FRT,PICKUP,NISSAN,FRONTIER,
32852417,2,LT TRUCK(VAN/SPORTS UTILITY/PICKUP),01,False,,DI,05,05,False,05,01,True,CHEV,SLV,PICKUP,CHEVROLET,SILVERADO,
32770298,1,LT TRUCK(VAN/SPORTS UTILITY/PICKUP),03,False,,DI,05,,False,05,01,True,RAM,150,PICKUP,RAM,1500,
33016788,4,LT TRUCK(VAN/SPORTS UTILITY/PICKUP),02,False,,DI,05,,False,16,01,True,FORD,F15,PICKUP,FORD,F150 SERIES,
32774475,1,LT TRUCK(VAN/SPORTS UTILITY/PICKUP),01,False,,DI,05,05,False,13,01,True,FORD,F15,PICKUP,FORD,F150 SERIES,
32774475,4,LT TRUCK(VAN/SPORTS UTILITY/PICKUP),01,False,,DI,05,05,False,13,01,True,FORD,F25,PICKUP,FORD,F250 SERIES,
33035872,2,LT TRUCK(VAN/SPORTS UTILITY/PICKUP),01,False,,DI,05,,False,05,01,True,FORD,F15,PICKUP,FORD,F150 SERIES,
33015002,1,LT TRUCK(VAN/SPORTS UTILITY/PICKUP),03,False,,DI,05,,False,08,01,True,CHEV,CLD,PICKUP,CHEVROLET,COLORADO,
32903647,3,LT TRUCK(VAN/SPORTS UTILITY/PICKUP),01,False,,DI,08,,False,01,01,True,FORD,F15,PICKUP,FORD,F150 SERIES,
32998037,1,LT TRUCK(VAN/SPORTS UTILITY/PICKUP),03,False,,UN,05,,False,05,01,False,DODG,R15,PICKUP,DODGE,RAM 1500 PU,
33006961,1,LT TRUCK(VAN/SPORTS UTILITY/PICKUP),03,False,,DI,05,,False,05,01,True,FORD,F15,PICKUP,FORD,F150 SERIES,
32943735,2,LT TRUCK(VAN/SPORTS UTILITY/PICKUP),01,False,,DI,05,,False,05,01,True,RAM,150,PICKUP,RAM,1500,
32943995,1,LT TRUCK(VAN/SPORTS UTILITY/PICKUP),03,False,,DI,05,,False,03,01,False,CHEV,SLV,PICKUP,CHEVROLET,SILVERADO,
33392743,2,LT TRUCK(VAN/SPORTS UTILITY/PICKUP),02,False,,DI,05,,False,05,01,True,RAM,150,PICKUP,RAM,1500,
32963932,1,LT TRUCK(VAN/SPORTS UTILITY/PICKUP),03,False,,DI,05,,False,03,01,True,FORD,RNG,PICKUP,FORD,RANGER,
33009739,2,LT TRUCK(VAN/SPORTS UTILITY/PICKUP),01,False,,DI,05,,False,15,01,True,CHEV,SLV,PICKUP,CHEVROLET,SILVERADO,
32982687,1,LT TRUCK(VAN/SPORTS UTILITY/PICKUP),01,False,,DI,05,,False,05,01,True,DODG,RAM,PICKUP,DODGE,RAM PICKUP,
32985847,1,LT TRUCK(VAN/SPORTS UTILITY/PICKUP),02,False,,DI,05,,False,13,01,False,FORD,RNG,PICKUP,FORD,RANGER,
33049227,2,LT TRUCK(VAN/SPORTS UTILITY/PICKUP),03,False,,DI,05,,False,05,01,True,CHEV,SLV,PICKUP,CHEVROLET,SILVERADO,
32943651,1,LT TRUCK(VAN/SPORTS UTILITY/PICKUP),03,False,,DI,05,,False,05,01,True,TOYT,TUN,PICKUP,TOYOTA,TUNDRA,
33407063,2,PASSENGER CAR,03,False,,DI,05,,False,05,01,True,GMC,SRA,PICKUP,GENERAL MOTORS CORP,SIERRA,
33343057,2,PASSENGER CAR,01,False,,DI,05,,False,13,01,True,TOYT,TUN,PICKUP,TOYOTA,TUNDRA,
33164534,1,TRUCK-SINGLE UNIT,01,False,,DI,41,,False,05,01,True,TOYT,TUN,PICKUP,TOYOTA,TUNDRA,
33059719,2,TRUCK & TRAILER,01,False,,DI,05,,False,10,01,True,FORD,F25,PICKUP,FORD,F250 SERIES,
33062791,1,TRUCK & TRAILER,03,True,,DI,39,51,False,05,01,False,RAM,350,PICKUP,RAM,3500,
33292872,1,TRUCK & TRAILER,01,False,,DI,05,,False,05,01,True,CHEV,SLV,PICKUP,CHEVROLET,SILVERADO,
33216198,2,TRUCK & TRAILER,02,False,,DI,05,,False,05,01,True,FORD,F35,PICKUP,FORD,F350 SERIES,
33101554,2,PASSENGER CAR & TRAILER,03,False,,DI,05,,False,05,01,True,FORD,F25,PICKUP,FORD,F250 SERIES,
33187400,1,PASSENGER CAR & TRAILER,01,False,,DI,05,,False,05,01,True,DODG,R25,PICKUP,DODGE,RAM 2500 PU,
33343005,1,TRUCK & TRAILER,02,False,,DI,05,,False,10,01,True,TOYT,TUN,PICKUP,TOYOTA,TUNDRA,
33368190,1,TRUCK & TRAILER,03,False,,DI,05,,False,05,01,True,DODG,R35,PICKUP,DODGE,RAM 3500 PU,
33410645,2,TRUCK & TRAILER,01,False,,DI,05,05,False,05,01,True,CHEV,SLV,PICKUP,CHEVROLET,SILVERADO,
33395779,2,TRUCK & TRAILER,03,False,,DI,05,,False,05,01,True,CHEV,SLV,PICKUP,CHEVROLET,SILVERADO,
32779720,1,TRUCK & TRAILER,03,False,,UN,05,,False,05,01,,,,PICKUP,,,
33431393,1,TRUCK & TRAILER,02,False,,DI,05,,False,03,01,True,FORD,F35,PICKUP,FORD,F350 SERIES,
32979391,1,TRUCK & TRAILER,03,False,,DI,05,,False,05,01,True,GMC,SRA,PICKUP,GENERAL MOTORS CORP,SIERRA,
33034032,1,TRUCK & TRAILER,03,False,,DI,05,,False,05,01,True,FORD,F15,PICKUP,FORD,F150 SERIES,
33337496,2,TRUCK-SINGLE UNIT,03,False,,DI,05,,False,16,01,True,FORD,F45,PICKUP,FORD,F450 SERIES,
33425027,1,TRUCK TRACTOR & SEMI-TRAILER,01,True,,DI,05,,False,05,01,True,FRHT,,PALLET,FREIGHTLINER,UNKNOWN,
32997960,3,LT TRUCK(VAN/SPORTS UTILITY/PICKUP),01,False,,DI,05,,False,13,01,True,FORD,F15,PICKUP WITH MOUNTED CAMPER,FORD,F150 SERIES,
32878865,1,EMERGENCY VEHICLE-NON RESPONSE,01,False,,DI,21,,False,02,01,True,CHEV,,POLICE,CHEVROLET,TAHOE,
33123381,2,EMERGENCY VEHICLE-NON RESPONSE,01,False,,DI,05,,False,12,01,True,FORD,XPL,POLICE,FORD,EXPLORER,
33409642,1,PASSENGER CAR,03,False,,DI,05,,False,10,01,True,NISS,ALT,SEDAN,NISSAN,ALTIMA,
32777994,1,TRUCK & TRAILER,03,True,,DI,05,,False,05,01,True,UTIL,,SEMI,UTILITY TRAILER MFG. CO.,,
33173603,2,TRUCK-SINGLE UNIT,03,False,,DL,05,,False,12,01,True,INTL,DUR,SEMI,INTERNATIONAL,DURASTAR,
32682385,2,TRUCK-SINGLE UNIT,02,True,,DI,05,,False,05,01,True,PTRB,365,SEMI,PETERBILT MOTORS CO.,365,
33067333,1,TRUCK-SINGLE UNIT,03,False,,DI,52,40,False,01,98,True,FRHT,M2C,SEMI,FREIGHTLINER,M2 CONVENTIONAL,
32965207,1,TRUCK TRACTOR & SEMI-TRAILER,03,True,,DI,05,,False,02,01,True,FRHT,CAS,SEMI,FREIGHTLINER,CASCADIA,
32979391,2,TRUCK TRACTOR & SEMI-TRAILER,03,True,,DI,05,,False,05,01,True,PTRB,579,SEMI,PETERBILT MOTORS CO.,579,
33004881,2,TRUCK TRACTOR & SEMI-TRAILER,03,True,,DI,05,,False,13,01,True,WSTR,,SEMI,WESTERN STAR,,
33001120,2,TRUCK TRACTOR & SEMI-TRAILER,03,True,,DI,05,,False,05,01,True,PTRB,579,SEMI,PETERBILT MOTORS CO.,579,
32983242,1,TRUCK TRACTOR & SEMI-TRAILER,01,True,,UN,05,,False,05,01,,,,SEMI,,,
33342985,4,TRUCK TRACTOR & SEMI-TRAILER,03,True,,DI,05,,False,05,01,True,FRHT,,SEMI,FREIGHTLINER,CBE,
32945957,2,TRUCK TRACTOR & SEMI-TRAILER,03,False,,DI,05,,False,13,01,True,PTRB,389,SEMI,PETERBILT MOTORS CO.,389,
33397037,2,TRUCK TRACTOR & SEMI-TRAILER,03,True,,DI,05,05,False,05,01,True,PTRB,579,SEMI,PETERBILT MOTORS CO.,579,
33346726,1,TRUCK TRACTOR & SEMI-TRAILER,03,True,,DI,20,16,False,06,01,True,PTRB,587,SEMI,PETERBILT MOTORS CO.,587,
33317632,1,TRUCK-SINGLE UNIT,02,True,,DI,05,,False,03,01,True,HINO,,SEMI,HINO,268,
33261651,2,TRUCK-SINGLE UNIT,03,True,,DI,05,,False,05,01,True,FRHT,TK,SEMI,FREIGHTLINER,TRUCK,
32892624,1,TRUCK-SINGLE UNIT,01,False,,DI,05,,False,05,01,False,FRHT,MBC,SEMI,FREIGHTLINER,MB CHASSIS,
33004881,1,TRUCK-SINGLE UNIT,03,True,,DI,05,,False,03,01,True,INTL,MV6,SEMI,INTERNATIONAL,MV607,
32844492,1,TRUCK-SINGLE UNIT,03,True,,DI,05,,False,05,01,True,INTL,MV6,SEMI,INTERNATIONAL,MV607,
32810423,2,TRUCK TRACTOR & SEMI-TRAILER,03,True,,DI,05,,False,05,01,True,VOGA,,SEMI,VOLGA,CBE,
32894322,1,TRUCK TRACTOR & SEMI-TRAILER,03,True,,DI,05,,False,06,01,True,VOLV,VNR,SEMI,VOLVO,VNR,
32894322,2,TRUCK TRACTOR & SEMI-TRAILER,03,True,,DI,05,,False,05,01,True,KW,T60,SEMI,KENWORTH MOTOR TRUCK CO.,T600/T6 SERIES,
32899838,1,TRUCK TRACTOR & SEMI-TRAILER,03,True,,DI,05,,False,05,01,True,PTRB,579,SEMI,PETERBILT MOTORS CO.,579,
32882832,1,TRUCK TRACTOR & SEMI-TRAILER,03,True,,DI,05,,False,10,01,True,FRHT,CAS,SEMI,FREIGHTLINER,CASCADIA,
32882832,2,TRUCK TRACTOR & SEMI-TRAILER,03,True,,DI,05,,False,05,01,True,INTL,LON,SEMI,INTERNATIONAL,LONESTAR,
32846496,1,TRUCK TRACTOR & SEMI-TRAILER,03,True,,DI,26,,False,08,01,True,FRHT,,SEMI,FREIGHTLINER,,
32768176,2,TRUCK TRACTOR & SEMI-TRAILER,01,True,,DI,05,,False,05,01,True,FRHT,TK,SEMI,FREIGHTLINER,TRUCK,
32775587,1,TRUCK TRACTOR & SEMI-TRAILER,03,True,,DI,41,,False,05,01,True,FRHT,CAS,SEMI,FREIGHTLINER,CASCADIA,
32777994,2,TRUCK TRACTOR & SEMI-TRAILER,03,True,,DI,05,,False,05,01,True,FRHT,,SEMI,FREIGHTLINER,,
33261660,6,TRUCK TRACTOR & SEMI-TRAILER,01,True,,DI,05,,False,13,01,True,VOLV,,SEMI,VOLVO,,
33152694,1,TRUCK TRACTOR & SEMI-TRAILER,03,True,,DI,05,,False,10,01,True,PTRB,379,SEMI,PETERBILT MOTORS CO.,379,
33148920,2,TRUCK TRACTOR & SEMI-TRAILER,01,False,,DI,05,,False,05,01,True,FRHT,,SEMI,FREIGHTLINER,,
33057218,2,TRUCK TRACTOR & SEMI-TRAILER,01,True,,DI,05,,False,05,01,True,FRHT,,SEMI,FREIGHTLINER,,
33091299,1,TRUCK TRACTOR & SEMI-TRAILER,03,True,,DI,05,,False,03,01,True,PTRB,TK,SEMI,PETERBILT MOTORS CO.,TRUCK,
33117378,2,TRUCK TRACTOR & SEMI-TRAILER,03,True,,DI,05,,False,05,01,True,PTRB,579,SEMI,PETERBILT MOTORS CO.,579,
33273284,2,TRUCK TRACTOR & SEMI-TRAILER,02,True,,DI,05,,False,05,01,True,PTRB,359,SEMI,PETERBILT MOTORS CO.,359,
33149460,2,TRUCK TRACTOR & SEMI-TRAILER,01,True,,DI,05,,False,05,01,True,PTRB,180,SEMI,PETERBILT MOTORS CO.,180  WB/CUMMINS/AIR BRAKE,
32714074,2,TRUCK TRACTOR & SEMI-TRAILER,01,False,,DI,05,,False,05,01,True,INTL,LON,SEMI,INTERNATIONAL,LONESTAR,
32709983,1,TRUCK TRACTOR & SEMI-TRAILER,01,True,,DI,05,,False,03,01,True,PTRB,579,SEMI,PETERBILT MOTORS CO.,579,
33382625,2,TRUCK-OTHER COMBINATION,03,True,,DI,05,,False,05,01,True,GDAN,VAN,SEMI,GREAT DANE TRAILERS INC.,VAN-(DRY FREIGHTREEFERINSULATED),
33248467,1,TRUCK TRACTOR & SEMI-TRAILER,03,True,,DI,05,05,False,13,01,True,INTL,,SEMI,INTERNATIONAL,ALT 625,
33197510,2,TRUCK TRACTOR & SEMI-TRAILER,01,True,,DI,05,,False,13,01,True,KW,,SEMI,KENWORTH MOTOR TRUCK CO.,SEMI,
33214732,1,TRUCK TRACTOR & SEMI-TRAILER,01,True,,DI,46,,False,05,01,True,FRHT,CCN,SEMI,FREIGHTLINER,CC CONVENTIONAL,
33296882,1,TRUCK TRACTOR & SEMI-TRAILER,01,False,,DI,21,,False,05,01,True,FRHT,,SEMI,FREIGHTLINER,,
33225595,1,TRUCK TRACTOR & SEMI-TRAILER,03,False,,DI,05,,False,05,01,True,FRHT,CAS,SEMI,FREIGHTLINER,CASCADIA,
33242443,2,TRUCK TRACTOR & SEMI-TRAILER,03,True,,DI,05,,False,05,01,True,FRHT,CAS,SEMI,FREIGHTLINER,CASCADIA,
33210717,2,TRUCK TRACTOR & SEMI-TRAILER,03,True,,DI,05,,False,03,01,True,PTRB,579,SEMI,PETERBILT MOTORS CO.,579,
33187404,1,MOTOR HOME/RECREATIONAL VEHICLE,01,False,,DI,05,,False,03,01,True,FRHT,XCC,SEMI,FREIGHTLINER,XC CHASSIS,
33109540,2,PASSENGER CAR,01,False,,DI,05,,False,16,01,True,TOYT,MTX,STATION WAGON,TOYOTA,MATRIX (SPORT WAGON),
32944295,2,LT TRUCK(VAN/SPORTS UTILITY/PICKUP),03,False,,DI,05,,False,05,01,True,SUBA,LEG,STATION WAGON,SUBARU,LEGACY,
33039605,2,TRUCK TRACTOR & SEMI-TRAILER,03,False,,DI,05,,False,05,01,True,FONA,PLA,TRAILER (GENERIC ID),FONTAINE TRAILER COMPANY,PLATFORM,
33051731,2,TRUCK TRACTOR & SEMI-TRAILER,01,True,,DI,05,,False,05,01,True,KW,T80,TRACTOR TRUCK GASOLINE,KENWORTH MOTOR TRUCK CO.,T800/T8 SERIES,
32993328,1,TRUCK TRACTOR & SEMI-TRAILER,01,True,,DI,05,,False,05,01,True,KW,T60,TRACTOR TRUCK GASOLINE,KENWORTH MOTOR TRUCK CO.,T600/T6 SERIES,
32965207,2,TRUCK TRACTOR & SEMI-TRAILER,03,True,,DL,05,,False,12,01,True,VOLV,VNL,TRACTOR TRUCK GASOLINE,VOLVO,VNL,
33398679,2,TRUCK TRACTOR & SEMI-TRAILER,01,True,,DI,05,,False,05,01,True,KW,T60,TRACTOR TRUCK GASOLINE,KENWORTH MOTOR TRUCK CO.,T600/T6 SERIES,
32832100,2,TRUCK-SINGLE UNIT,03,True,,DI,05,,False,08,01,True,MACK,CV,TRACTOR TRUCK GASOLINE,MACK TRUCKS INC.,CV SERIES,
33335164,2,TRUCK TRACTOR & SEMI-TRAILER,01,True,,DI,05,,False,16,01,True,INTL,TRA,TRACTOR TRUCK GASOLINE,INTERNATIONAL,TRACTOR,
33038192,1,TRUCK-OTHER COMBINATION,03,True,,DI,05,,False,05,01,True,MACK,GU,TRACTOR TRUCK GASOLINE,MACK TRUCKS INC.,GU SERIES,
33221697,2,TRUCK TRACTOR & SEMI-TRAILER,01,True,,DI,05,,False,05,01,True,PTRB,379,TRACTOR TRUCK GASOLINE,PETERBILT MOTORS CO.,379,
32757948,2,TRUCK TRACTOR & SEMI-TRAILER,03,True,,DI,05,,False,05,01,True,VOLV,VNL,TRACTOR TRUCK GASOLINE,VOLVO,VNL,
33261660,1,TRUCK TRACTOR & SEMI-TRAILER,01,True,,DI,05,05,False,05,06,True,VOLV,VNM,TRACTOR TRUCK GASOLINE,VOLVO,VNM,
33032568,2,TRUCK TRACTOR & SEMI-TRAILER,03,True,,DI,05,,False,03,01,True,KW,900,TRACTOR TRUCK GASOLINE,KENWORTH MOTOR TRUCK CO.,900,
32770580,1,TRUCK TRACTOR & SEMI-TRAILER,03,True,,DI,05,,False,03,01,True,VOLV,VNL,TRACTOR TRUCK GASOLINE,VOLVO,VNL,
33187951,2,TRUCK-SINGLE UNIT,01,True,,DI,05,,False,05,01,True,MACK,GR,TRACTOR TRUCK GASOLINE,MACK TRUCKS INC.,GRANITE SERIES,
33274612,1,TRUCK-SINGLE UNIT,03,True,,DI,05,,False,05,01,True,MACK,CXU,TRACTOR TRUCK GASOLINE,MACK TRUCKS INC.,CXU SERIES,
32794984,1,TRUCK & TRAILER,03,True,,DI,05,,False,05,01,True,VOLV,VNL,TRACTOR TRUCK GASOLINE,VOLVO,VNL,
33083941,1,HIT & RUN/UNKNOWN,,False,,DI,,,,,,True,PTRB,357,TRACTOR TRUCK GASOLINE,PETERBILT MOTORS CO.,357,
33232187,2,TRUCK-SINGLE UNIT,03,True,,DI,05,,False,05,01,True,PTRB,389,TOW TRUCK / WRECKER,PETERBILT MOTORS CO.,389,
33211218,2,TRUCK TRACTOR & SEMI-TRAILER,03,True,,DI,05,,False,05,01,True,KW,T60,TOW TRUCK / WRECKER,KENWORTH MOTOR TRUCK CO.,T600/T6 SERIES,
32893165,1,TRUCK TRACTOR & SEMI-TRAILER,01,True,,DI,05,,False,05,01,True,UNKN,,TOW TRUCK / WRECKER,UNKNOWN,UNK,
32976305,2,TRUCK-SINGLE UNIT,03,True,,DI,05,,False,05,01,True,FORD,F55,UTILITY,FORD,F550 SERIES,
32948416,2,TRUCK-SINGLE UNIT,01,False,,DL,05,,False,12,01,True,FORD,F55,UTILITY,FORD,F550 SERIES,
33402642,2,PASSENGER CAR,01,False,,DI,05,,False,01,01,True,CHEV,,UTILITY,CHEVROLET,TRAIL,
32943995,2,LT TRUCK(VAN/SPORTS UTILITY/PICKUP),03,False,,DI,32,,False,03,01,True,HOND,CRV,UTILITY,HONDA,CR-V,
33056442,3,LT TRUCK(VAN/SPORTS UTILITY/PICKUP),03,False,,DI,05,,False,13,01,True,LEXS,R35,UTILITY,LEXUS,RX350,
33117691,1,LT TRUCK(VAN/SPORTS UTILITY/PICKUP),01,False,,DI,05,51,False,05,01,True,GMC,CRU,UTILITY,GENERAL MOTORS CORP,SIERRA CREW CAB,
33296594,3,LT TRUCK(VAN/SPORTS UTILITY/PICKUP),01,False,,DI,05,,False,12,01,True,MAZD,,UTILITY,MAZDA,CX-9,
33261660,5,LT TRUCK(VAN/SPORTS UTILITY/PICKUP),01,False,,DI,05,,False,13,01,True,NISS,,UTILITY,NISSAN,MUR,
33248467,3,LT TRUCK(VAN/SPORTS UTILITY/PICKUP),03,False,,DI,05,05,False,15,01,True,TOYT,SNA,VAN,TOYOTA,SIENNA,
33248490,2,LT TRUCK(VAN/SPORTS UTILITY/PICKUP),01,False,,DI,05,,False,05,01,True,CHRY,TNC,VAN,CHRYSLER,TOWN & COUNTRY,
33248868,1,LT TRUCK(VAN/SPORTS UTILITY/PICKUP),03,False,,DI,51,16,False,05,01,True,ISU,,VAN,ISUZU,,
33172261,2,LT TRUCK(VAN/SPORTS UTILITY/PICKUP),01,False,,DI,05,,False,05,01,True,DODG,CVN,VAN,DODGE,CARAVAN/GRAND CARAVAN,
33122703,2,LT TRUCK(VAN/SPORTS UTILITY/PICKUP),03,False,,DI,05,,False,16,01,True,CHEV,,VAN,CHEVROLET,EXPRESS,
33132711,1,LT TRUCK(VAN/SPORTS UTILITY/PICKUP),03,False,,DI,05,,False,05,01,True,CHEV,EXP,VAN,CHEVROLET,EXPRESS,
33231013,3,LT TRUCK(VAN/SPORTS UTILITY/PICKUP),03,False,,DI,05,,False,16,01,True,CHRY,PCF,VAN,CHRYSLER,PACIFICA/PACIFICA PHEV,
33231943,1,LT TRUCK(VAN/SPORTS UTILITY/PICKUP),03,False,,DI,05,,False,05,01,True,HOND,ODY,VAN,HONDA,ODYSSEY,
33212012,1,LT TRUCK(VAN/SPORTS UTILITY/PICKUP),03,False,,DI,05,,False,10,01,True,HOND,ODY,VAN,HONDA,ODYSSEY,
33216188,1,LT TRUCK(VAN/SPORTS UTILITY/PICKUP),02,False,,DI,05,,False,03,01,True,FORD,TRN,VAN,FORD,TRANSIT,
33061429,2,PASSENGER CAR,01,False,,DI,05,,False,13,01,True,CHEV,VAN,VAN,CHEVROLET,VAN,
33109540,3,PASSENGER CAR,01,False,,DI,05,,False,16,01,True,FORD,FRE,VAN,FORD,FREESTAR,
33212681,1,PASSENGER CAR,03,False,,DI,52,16,False,05,01,False,HOND,ODY,VAN,HONDA,ODYSSEY,
32857830,1,PASSENGER CAR,03,False,,DI,05,05,False,13,01,False,TOYT,SNA,VAN,TOYOTA,SIENNA,
33053502,1,LT TRUCK(VAN/SPORTS UTILITY/PICKUP),01,False,,DI,05,,False,13,01,True,DODG,CVN,VAN,DODGE,CARAVAN/GRAND CARAVAN,
33053502,2,LT TRUCK(VAN/SPORTS UTILITY/PICKUP),01,False,,DI,05,,False,13,01,True,HOND,ODY,VAN,HONDA,ODYSSEY,
33173331,2,LT TRUCK(VAN/SPORTS UTILITY/PICKUP),03,False,,DI,31,,False,13,01,True,HOND,ODY,VAN,HONDA,ODYSSEY,
33079150,3,LT TRUCK(VAN/SPORTS UTILITY/PICKUP),01,False,,DI,05,,False,13,01,True,HOND,ODY,VAN,HONDA,ODYSSEY,
33079150,1,LT TRUCK(VAN/SPORTS UTILITY/PICKUP),01,False,,DI,05,05,False,05,01,True,FORD,TRN,VAN,FORD,TRANSIT,
32965206,1,LT TRUCK(VAN/SPORTS UTILITY/PICKUP),01,False,,DI,05,,False,10,01,True,CHEV,CXP,VAN,CHEVROLET,CITY EXPRESS,
32997960,1,LT TRUCK(VAN/SPORTS UTILITY/PICKUP),01,False,,DI,05,,False,05,01,True,FORD,EC3,VAN,FORD,ECONOLINE E350,
32988728,1,LT TRUCK(VAN/SPORTS UTILITY/PICKUP),03,False,,DI,05,,False,05,01,True,CHRY,PCF,VAN,CHRYSLER,PACIFICA/PACIFICA PHEV,
33006961,2,LT TRUCK(VAN/SPORTS UTILITY/PICKUP),03,False,,DI,05,,False,05,01,True,FORD,TRN,VAN,FORD,TRANSIT,
32774475,7,LT TRUCK(VAN/SPORTS UTILITY/PICKUP),01,False,,DI,05,05,False,13,01,True,CHRY,PCF,VAN,CHRYSLER,PACIFICA/PACIFICA PHEV,
32672935,2,LT TRUCK(VAN/SPORTS UTILITY/PICKUP),03,False,,DI,05,,False,05,01,True,TOYT,SNA,VAN,TOYOTA,SIENNA,
33412231,2,LT TRUCK(VAN/SPORTS UTILITY/PICKUP),02,False,,DI,05,,False,13,01,True,CHRY,TNC,VAN,CHRYSLER,TOWN & COUNTRY,
33410645,3,LT TRUCK(VAN/SPORTS UTILITY/PICKUP),01,False,,DI,05,,False,05,01,True,TOYT,SNA,VAN,TOYOTA,SIENNA,
33397552,1,LT TRUCK(VAN/SPORTS UTILITY/PICKUP),02,False,,DI,05,,False,03,01,True,FORD,TRN,VAN,FORD,TRANSIT,
33424842,2,LT TRUCK(VAN/SPORTS UTILITY/PICKUP),01,False,,DI,05,05,False,16,06,False,DODG,CVN,VAN,DODGE,CARAVAN/GRAND CARAVAN,
33383699,1,LT TRUCK(VAN/SPORTS UTILITY/PICKUP),01,False,,DI,05,,False,05,01,True,HOND,ODY,VAN,HONDA,ODYSSEY,
33378158,1,LT TRUCK(VAN/SPORTS UTILITY/PICKUP),01,False,,DI,41,,False,06,01,True,CHRY,PCF,VAN,CHRYSLER,PACIFICA/PACIFICA PHEV,
33384635,2,LT TRUCK(VAN/SPORTS UTILITY/PICKUP),03,False,,DI,05,,False,16,01,True,CHEV,EXP,VAN,CHEVROLET,EXPRESS,
33392712,1,LT TRUCK(VAN/SPORTS UTILITY/PICKUP),01,False,,DI,05,05,False,05,01,True,HOND,ODY,VAN,HONDA,ODYSSEY,
33316463,2,LT TRUCK(VAN/SPORTS UTILITY/PICKUP),01,False,,DI,05,,False,05,01,True,TOYT,SNA,VAN,TOYOTA,SIENNA,
33340244,1,LT TRUCK(VAN/SPORTS UTILITY/PICKUP),03,False,,DI,52,,False,01,01,True,FORD,F65,VAN,FORD,F650,
33342985,3,LT TRUCK(VAN/SPORTS UTILITY/PICKUP),03,False,,DI,05,05,False,05,01,True,FORD,TCN,VAN,FORD,TRANSIT CONNECT,
33149395,1,TRUCK-SINGLE UNIT,01,False,,DI,05,,False,13,01,True,CHEV,,VAN,CHEVROLET,,
33343057,1,PASSENGER CAR,01,False,,DI,05,,False,05,01,True,GMC,SAV,VAN,GENERAL MOTORS CORP,SAVANA,
33425916,4,PASSENGER CAR,01,False,,DI,05,,False,05,01,True,CHEV,VEN,VAN,CHEVROLET,VENTURE,
